community_id,community_name,community_type,latitude,longitude,population,population_final,population_source,population_match_status,ILOC_CODE_2021,iloc_name
1022,10 MILE,Family Outstation,-20.40628,134.75934,8,8,Homelands Service Provider Report 2023,BushTel population,,
1004,10 MILE OUTSTATION,Family Outstation,-22.46667,132.37658,10,10,Homelands Service Provider Report 2023,BushTel population,,
783,16 MILE CAMP,Family Outstation,-23.45764,133.83248,,,Unavailable,No population found,,
24993,20 MILE,Family Outstation,-16.08535,136.54826,6,6,Homelands Service Provider Report 2023,BushTel population,,
1006,4 MILE CAMP,Family Outstation,-11.77798,130.59548,7,7,Homelands Service Provider Report 2023,BushTel population,,
759,5 MILE BORE,Family Outstation,-23.23265,131.98296,24,24,Homelands Service Provider Report 2023,BushTel population,,
279,ACACIA LARRAKIA,Family Outstation,-12.8142,131.1715,,799,ABS Census 2021 ILOC,ABS exact-name match,ILOC70300701,Acacia-Larrakia
979,ADBANAE,Family Outstation,-11.24167,131.97531,,,Unavailable,No population found,,
1,ADELAIDE BORE,Family Outstation,-22.21485,133.93607,14,14,Homelands Service Provider Report 2023,BushTel population,,
10153,ADELAIDE RIVER,Village,-13.2378,131.10473,,,Unavailable,No population found,,
895,ADJAMARRAGU,Family Outstation,-11.15182,132.47559,,,Unavailable,No population found,,
787,AKARNENEHE WELL,Family Outstation,-23.05992,136.19361,,,Unavailable,No population found,,
3,AKNGWERTNARRE,Town Camp,-23.6928,133.8612,,,Unavailable,No population found,,
959,AKWALIRRUMANJA,Family Outstation,-13.86346,136.77866,35,35,Homelands Service Provider Report 2023,BushTel population,,
280,ALAMIRRA,Family Outstation,-11.06745,132.52835,4,4,Homelands Service Provider Report 2023,BushTel population,,
693,ALATYEYE,Family Outstation,-23.09733,134.21897,3,3,Homelands Service Provider Report 2023,BushTel population,,
441,ALHARRGAN,Family Outstation,-13.67507,136.05261,6,6,Homelands Service Provider Report 2023,BushTel population,,
202,ALI CURUNG,Major,-21.00333,134.40694,463,463,Based on ABS 2021 Census SA1,BushTel population,ILOC70700101,Ali Curung
10219,ALICE SPRINGS,Town,-23.6994,133.8807,,,Unavailable,No population found,,
852,ALICE WELL,Family Outstation,-24.88123,134.22962,6,6,Homelands Service Provider Report 2023,BushTel population,,
4,ALKIPI,Family Outstation,-23.27356,131.82924,,,Unavailable,No population found,,
769,ALKNGARRIINTJA,Family Outstation,-23.95602,132.46233,8,8,Homelands Service Provider Report 2023,BushTel population,,
714,ALKUPTIJA,Family Outstation,-23.06533,133.69436,31,31,Homelands Service Provider Report 2023,BushTel population,,
7,ALPARA,Family Outstation,-25.91526,131.21242,,,Unavailable,No population found,,
203,ALPURRURULAM,Major,-20.98417,137.84749,411,411,Based on ABS 2021 Census SA1,BushTel population,ILOC70700201,Alpurrurulam
10270,ALYANGULA,Town,-13.8506,136.4191,,751,ABS Census 2021 ILOC,ABS exact-name match,ILOC70600101,Alyangula
24991,ALYARPERE,Family Outstation,-23.70776,134.49332,4,4,Homelands Service Provider Report 2023,BushTel population,,
442,ALYINGBERRMA,Family Outstation,-13.80934,136.81691,,,Unavailable,No population found,,
2,ALYUEN,Family Outstation,-22.66949,133.35147,12,12,Homelands Service Provider Report 2023,BushTel population,,
622,AMANBIDJI,Major,-16.42806,129.6189,88,88,Based on ABS 2021 Census SA1,BushTel population,,
445,AMANBURNUNGA,Family Outstation,-13.92641,136.69486,,,Unavailable,No population found,,
427,AMANGAL INDIGENOUS VILLAGE,Town Camp,-13.2445,131.1041,,,Unavailable,No population found,,
282,AMATJATPALK,Family Outstation,-11.59488,133.45508,,,Unavailable,No population found,,
104,AMENGERNTERNEAH,Family Outstation,-21.89767,134.84166,,,Unavailable,No population found,,
446,AMIRRABA,Family Outstation,-13.90868,136.85787,,,Unavailable,No population found,,
9,AMOONGUNA,Major,-23.76632,133.93599,269,269,Based on ABS 2021 Census SA1,BushTel population,ILOC70900101,Amoonguna
10,AMPILATWATJA,Major,-21.65664,135.22509,515,515,Based on ABS 2021 Census SA1,BushTel population,,
11,AMPUTJUTA,Family Outstation,-24.92956,129.12287,,,Unavailable,No population found,,
761,AMUNDURNGUA,Family Outstation,-23.27143,131.42343,10,10,Homelands Service Provider Report 2023,BushTel population,,
449,ANDANANGKI,Family Outstation,-13.60962,135.76503,10,10,Homelands Service Provider Report 2023,BushTel population,,
13,ANGAS DOWNS,Family Outstation,-25.03447,132.27377,2,2,Homelands Service Provider Report 2023,BushTel population,,
916,ANGATYEPE,Family Outstation,-23.745,133.7275,21,21,Homelands Service Provider Report 2023,BushTel population,,
917,ANGKERLE ARRENGE (A),Family Outstation,-23.74599,133.48008,16,16,Homelands Service Provider Report 2023,BushTel population,,
918,ANGKERLE ARRENGE (B),Family Outstation,-23.73894,133.47969,3,3,Homelands Service Provider Report 2023,BushTel population,,
12,ANGULA,Family Outstation,-22.55781,134.21675,6,6,Homelands Service Provider Report 2023,BushTel population,,
451,ANGURUGU,Major,-13.98224,136.46057,1037,1037,Based on ABS 2021 Census SA1,BushTel population,ILOC70600102,Angurugu
960,ANGWURA,Family Outstation,-13.91942,136.72609,8,8,Homelands Service Provider Report 2023,BushTel population,,
285,ANKABADBIRRI,Family Outstation,-12.25695,134.41973,18,18,Homelands Service Provider Report 2023,BushTel population,,
170,ANKERRAPW,Family Outstation,-22.23004,134.56306,,,Unavailable,No population found,,
823,ANKWELEYELENGKWE,Family Outstation,-21.59675,133.75517,6,6,Homelands Service Provider Report 2023,BushTel population,,
1021,ANNERRE,Family Outstation,-21.26169,134.00116,,,Unavailable,No population found,,
14,ANNINGIE,Family Outstation,-21.83473,133.14445,,,Unavailable,No population found,,
788,ANTERE,Family Outstation,-25.66309,134.40934,,,Unavailable,No population found,,
16,ANTHELK EWLPAYE,Town Camp,-23.68979,133.87932,,122,ABS Census 2021 ILOC,ABS exact-name match,ILOC70800201,Anthelk Ewlpaye
17,ANTHEPE,Town Camp,-23.7575,133.8655,,,Unavailable,No population found,,
19,APER ALWERRKNGE,Town Camp,-23.66835,133.87085,,,Unavailable,No population found,,
335,ARARLAGU,Family Outstation,-11.52722,133.39848,,,Unavailable,No population found,,
288,ARARU POINT,Family Outstation,-11.19364,131.87783,7,7,Homelands Service Provider Report 2023,BushTel population,,
147,ARAWERR,Minor,-22.01371,134.84618,129,129,Homelands Service Provider Report 2023,BushTel population,,
20,AREYONGA,Major,-24.07361,132.27083,277,277,Based on ABS 2021 Census SA1,BushTel population,ILOC70901401,Areyonga
1023,ARKANTA,Family Outstation,-24.52148,132.81995,12,12,Homelands Service Provider Report 2023,BushTel population,,
168,ARLPARRA,Family Outstation,-22.08779,134.77476,110,110,Homelands Service Provider Report 2023,BushTel population,,
968,ARMORRAN,Family Outstation,-11.75575,133.38142,8,8,Homelands Service Provider Report 2023,BushTel population,,
79,ARMSTRONGS,Family Outstation,-23.87918,132.68001,5,5,Homelands Service Provider Report 2023,BushTel population,,
735,ARRAWAJIN,Family Outstation,-20.51825,134.97551,,,Unavailable,No population found,,
893,ARRGAMURRMUR,Family Outstation,-11.17399,132.61015,,,Unavailable,No population found,,
919,ARRILLHJERE,Family Outstation,-23.77981,133.62608,2,2,Homelands Service Provider Report 2023,BushTel population,,
21,ARRKAPA,Family Outstation,-23.98248,132.82937,2,2,Homelands Service Provider Report 2023,BushTel population,,
910,ARRUNGKEE,Family Outstation,-22.49935,132.28147,10,10,Homelands Service Provider Report 2023,BushTel population,,
22,ARTEKERR,Family Outstation,-22.29022,134.54312,26,26,Homelands Service Provider Report 2023,BushTel population,,
712,ARTEKERRE,Family Outstation,-23.25739,133.7666,51,51,Homelands Service Provider Report 2023,BushTel population,,
729,ATHELEY,Family Outstation,-21.91757,134.86766,88,88,Homelands Service Provider Report 2023,BushTel population,,
42,ATITJERE,Major,-22.9843,134.9341,239,239,Based on ABS 2021 Census SA1,BushTel population,ILOC70900501,Atitjere
1015,ATJI CREEK,Family Outstation,-23.39945,131.98389,10,10,Homelands Service Provider Report 2023,BushTel population,,
146,ATNARARA,Family Outstation,-22.02622,134.78721,47,47,Homelands Service Provider Report 2023,BushTel population,,
24995,ATNARPA,Family Outstation,-23.52358,134.78911,8,8,Homelands Service Provider Report 2023,BushTel population,,
27,ATNELTYEY,Family Outstation,-22.03683,134.61166,51,51,Homelands Service Provider Report 2023,BushTel population,ILOC70901201,Atneltyey
23,ATNWENGERRPE,Family Outstation,-21.86956,134.99411,30,30,Homelands Service Provider Report 2023,BushTel population,,
754,AWUMBUNYJI,Family Outstation,-14.44723,135.43529,,,Unavailable,No population found,,
1011,BABUNGI,Family Outstation,-15.74444,136.97858,8,8,Homelands Service Provider Report 2023,BushTel population,,
577,BADAWARRKA,Family Outstation,-14.69603,134.44378,3,3,Homelands Service Provider Report 2023,BushTel population,,
811,BAGHETTI,Family Outstation,-13.75874,134.46372,2,2,Homelands Service Provider Report 2023,BushTel population,,
290,BAGOT,Town Camp,-12.41613,130.85515,,,Unavailable,No population found,,
209,BAJAMINYI,Family Outstation,-17.77489,137.71243,,,Unavailable,No population found,,
456,BALMA,Family Outstation,-13.24939,135.84857,11,11,Homelands Service Provider Report 2023,BushTel population,,
578,BAMBOO SPRINGS,Family Outstation,-16.95993,129.08393,,,Unavailable,No population found,,
946,BANATJARL,Family Outstation,-14.47668,132.6514,10,10,Homelands Service Provider Report 2023,BushTel population,,
458,BANIYALA,Minor,-13.2004,136.2261,146,146,Homelands Service Provider Report 2023,BushTel population,,
457,BANTHULA,Family Outstation,-11.83585,135.87365,24,24,Homelands Service Provider Report 2023,BushTel population,,
865,BARDALUMBA,Family Outstation,-13.82445,136.4489,26,26,Homelands Service Provider Report 2023,BushTel population,,
14045564,BARNJARN,Family Outstation,-14.28264,132.08321,8,8,Homelands Service Provider Report 2023,BushTel population,,
699,BARRAK BARRAK,Family Outstation,-15.8716,130.35876,,,Unavailable,No population found,,
579,BARRAPUNTA,Family Outstation,-13.15658,134.85057,1,1,Homelands Service Provider Report 2023,BushTel population,,
938,BARRARATJPI,Family Outstation,-13.21858,136.39138,23,23,Homelands Service Provider Report 2023,BushTel population,,
792,BARRIDJOWKENG,Family Outstation,-12.34863,134.17529,2,2,Homelands Service Provider Report 2023,BushTel population,,
888,BARRKIRA,Family Outstation,-12.0086,136.4649,13,13,Homelands Service Provider Report 2023,BushTel population,,
580,BARUNGA,Major,-14.52363,132.86668,396,396,Based on ABS 2021 Census SA1,BushTel population,ILOC70500301,Barunga
10677,BATCHELOR,Village,-13.04629,131.02883,,371,ABS Census 2021 ILOC,ABS exact-name match,ILOC70300402,Batchelor
25070,BATTON HILL,Family Outstation,-23.02915,136.86913,2,2,Homelands Service Provider Report 2023,BushTel population,,
212,BAUHINIA DOWNS,Family Outstation,-16.21512,135.46968,11,11,Homelands Service Provider Report 2023,BushTel population,,
462,BAWAKA,Family Outstation,-12.53365,136.76402,9,9,Homelands Service Provider Report 2023,BushTel population,,
494,BAYAGIDA,Family Outstation,-12.04269,134.92821,,,Unavailable,No population found,,
463,BAYGURRTJI,Family Outstation,-13.15787,135.86654,2,2,Homelands Service Provider Report 2023,BushTel population,,
25071,BEASLEY KNOB,Family Outstation,-15.97708,129.0085,19,19,Homelands Service Provider Report 2023,BushTel population,,
844,BEER ST BORE,Family Outstation,-25.58297,134.52565,,,Unavailable,No population found,,
294,BELYUEN,Major,-12.5386,130.6999,175,175,Based on ABS 2021 Census SA1,BushTel population,ILOC70300403,Belyuen
295,BERRAJA,Family Outstation,-12.07195,134.50486,,,Unavailable,No population found,,
582,BINJARI,Minor,-14.5502,132.1815,282,282,Based on ABS 2021 Census SA1,BushTel population,ILOC70500501,Binjari
464,BIRANY BIRANY,Minor,-12.81703,136.47669,16,16,Homelands Service Provider Report 2023,BushTel population,,
810,BISHOPS BORE,Family Outstation,-14.61452,133.07053,,,Unavailable,No population found,,
24899,BLACK ROCK LANDING,Family Outstation,-15.92062,136.51042,4,4,Homelands Service Provider Report 2023,BushTel population,,
784,BLACKTANK BORE,Family Outstation,-23.32352,134.02049,18,18,Homelands Service Provider Report 2023,BushTel population,,
25,BLACKWATER,Family Outstation,-23.26181,131.89688,9,9,Homelands Service Provider Report 2023,BushTel population,,
843,BLOODWOOD BORE,Family Outstation,-25.76764,134.2883,,,Unavailable,No population found,,
829,BLUE BUSH,Family Outstation,-19.02411,133.73583,,,Unavailable,No population found,,
698,BOBS YARD,Family Outstation,-16.00945,130.61125,,,Unavailable,No population found,,
465,BODIA,Family Outstation,-12.07688,134.89628,44,44,Homelands Service Provider Report 2023,BushTel population,,
298,BOLKDJAM,Family Outstation,-12.41151,134.41998,50,50,Homelands Service Provider Report 2023,BushTel population,,
583,BOOMERANG LAGOON,Family Outstation,-14.45061,135.03925,,,Unavailable,No population found,,
481,BOROGOMARRA,Family Outstation,-12.24159,134.97834,,,Unavailable,No population found,,
11092,BORROLOOLA,Village,-16.0676,136.3069,886,886,Based on ABS 2021 Census SA1,BushTel population,,
24904,BRUMBY PLAINS,Family Outstation,-17.05303,129.01037,8,8,Homelands Service Provider Report 2023,BushTel population,,
585,BUBBLE BUBBLE,Family Outstation,-15.81036,129.31022,10,10,Homelands Service Provider Report 2023,BushTel population,,
700,BUCKET SPRINGS,Family Outstation,-15.74001,129.16465,,,Unavailable,No population found,,
986,BUDJANGA,Family Outstation,-16.17945,136.76818,8,8,Homelands Service Provider Report 2023,BushTel population,,
1027,BUFFALO FARM,Family Outstation,-12.81369,132.59382,6,6,Homelands Service Provider Report 2023,BushTel population,,
257,BUJAN,Family Outstation,-16.26901,136.87915,4,4,Homelands Service Provider Report 2023,BushTel population,,
466,BUKUDAL,Family Outstation,-12.96647,136.61353,16,16,Homelands Service Provider Report 2023,BushTel population,,
467,BULARRING,Family Outstation,-12.04636,135.70342,,,Unavailable,No population found,,
300,BULGUL,Family Outstation,-13.08387,130.12203,21,21,Homelands Service Provider Report 2023,BushTel population,,
586,BULLA,Minor,-15.76492,130.03936,95,95,Based on ABS 2021 Census SA1,BushTel population,ILOC70500802,Bulla
587,BULMAN,Major,-13.66529,134.33335,190,190,Based on ABS 2021 Census SA1,BushTel population,ILOC70500308,Bulman
302,BULUHKADURU,Family Outstation,-12.43247,134.42307,32,32,Homelands Service Provider Report 2023,BushTel population,,
468,BUNDATHARRI,Family Outstation,-12.23568,134.84672,,,Unavailable,No population found,,
949,BUNHANURA,Family Outstation,-12.37449,135.72221,15,15,Homelands Service Provider Report 2023,BushTel population,,
976,BUNI-INWUNBULUK,Family Outstation,-11.40613,132.82554,10,10,Homelands Service Provider Report 2023,BushTel population,,
470,BURRUM,Family Outstation,-12.3094,135.9605,13,13,Homelands Service Provider Report 2023,BushTel population,,
686,BURRUMBURRU,Family Outstation,-17.74229,137.78155,,,Unavailable,No population found,,
713,BURT CREEK,Family Outstation,-23.19652,133.74759,37,37,Homelands Service Provider Report 2023,BushTel population,,
944,BURTA WURTA,Family Outstation,-17.53597,130.47592,,,Unavailable,No population found,,
1019,BURUDU,Family Outstation,-19.59874,136.92545,4,4,Homelands Service Provider Report 2023,BushTel population,,
24994,BUSHCAMP,Family Outstation,-19.71711,134.15408,,,Unavailable,No population found,,
803,BUYMARR,Family Outstation,-12.69827,136.63653,6,6,Homelands Service Provider Report 2023,BushTel population,,
728,CAMEL CAMP,Family Outstation,-22.27181,134.55242,39,39,Homelands Service Provider Report 2023,BushTel population,,
768,CAMELS HUMP,Family Outstation,-23.75175,131.59435,3,3,Homelands Service Provider Report 2023,BushTel population,,
304,CANNON HILL,Family Outstation,-12.35758,132.94593,8,8,Homelands Service Provider Report 2023,BushTel population,,
219,CANTEEN CREEK,Major,-20.64508,135.58678,173,173,Based on ABS 2021 Census SA1,BushTel population,ILOC70700601,Canteen Creek
11623,CATTLE CREEK,Family Outstation,-17.59747,131.54521,,,Unavailable,No population found,,
846,CHARLOTTE WATERS,Family Outstation,-25.91424,134.89274,,,Unavailable,No population found,,
757,CHILLA WELL,Family Outstation,-21.52777,130.97067,,,Unavailable,No population found,,
779,CHULUK,Family Outstation,-13.665,130.26778,,,Unavailable,No population found,,
1012,CONDER POINT,Family Outstation,-11.65088,131.32757,8,8,Homelands Service Provider Report 2023,BushTel population,,
901,CONNELLS LAGOON,Family Outstation,-18.89143,136.54802,,,Unavailable,No population found,,
220,CORELLA CREEK,Family Outstation,-18.36685,135.85671,30,30,Homelands Service Provider Report 2023,BushTel population,,
1009,CORKWOOD BORE,Family Outstation,-23.31225,133.86792,36,36,Homelands Service Provider Report 2023,BushTel population,,
590,COSTELLO,Family Outstation,-14.56453,134.88289,2,2,Homelands Service Provider Report 2023,BushTel population,,
972,COW LAGOON,Family Outstation,-16.20751,135.94962,6,6,Homelands Service Provider Report 2023,BushTel population,,
24901,CRABHOLE,Family Outstation,-16.21525,137.09915,2,2,Homelands Service Provider Report 2023,BushTel population,,
591,DAGURAGU,Major,-17.40059,130.80491,230,230,Based on ABS 2021 Census SA1,BushTel population,ILOC70500201,Daguragu
956,DALIWUY BAY,Family Outstation,-12.34085,136.91835,,,Unavailable,No population found,,
12194,DALY WATERS,Village,-16.25333,133.36932,,,Unavailable,No population found,,
307,DAMDAM,Family Outstation,-12.16556,134.64529,,,Unavailable,No population found,,
1003,DARRANDARRA,Family Outstation,-12.74098,130.95462,,,Unavailable,No population found,,
472,DARRANGMURMANJA,Family Outstation,-13.72486,136.59277,,,Unavailable,No population found,,
12218,DARWIN,City,-12.46153,130.84244,,,Unavailable,No population found,,
775,DELEYE,Family Outstation,-13.76535,129.97667,31,31,Homelands Service Provider Report 2023,BushTel population,,
473,DHALINYBUY,Minor,-12.4125,136.3878,117,117,Homelands Service Provider Report 2023,BushTel population,ILOC70600301,Dhalinybuy
896,DHAMBALA,Family Outstation,-12.0526,135.5609,14,14,Homelands Service Provider Report 2023,BushTel population,,
812,DOOLGARINA,Family Outstation,-16.22917,136.76611,,,Unavailable,No population found,,
475,DHAMIYAKA,Family Outstation,-12.6564,135.85557,2,2,Homelands Service Provider Report 2023,BushTel population,,
955,DHANIYA,Family Outstation,-12.55007,136.73791,9,9,Homelands Service Provider Report 2023,BushTel population,,
805,DHARAWA,Family Outstation,-11.84938,135.84693,,,Unavailable,No population found,,
476,DHARRNI,Family Outstation,-13.74983,136.02005,,,Unavailable,No population found,,
806,DHAYIRRI,Family Outstation,-11.9612,135.6187,6,6,Homelands Service Provider Report 2023,BushTel population,,
477,DHIPIRRINJURA,Family Outstation,-12.24844,135.09762,18,18,Homelands Service Provider Report 2023,BushTel population,,
478,DHOLTJI,Family Outstation,-11.94835,136.46161,,,Unavailable,No population found,,
664,DHUDUPU,Family Outstation,-12.0033,135.5692,4,4,Homelands Service Provider Report 2023,BushTel population,,
954,DHULMULMIYA,Family Outstation,-12.52781,136.72533,,,Unavailable,No population found,,
479,DHUPUWAMIRRI,Family Outstation,-12.66796,135.39218,6,6,Homelands Service Provider Report 2023,BushTel population,,
554,DHURUPUTJPI,Family Outstation,-13.05478,136.17661,12,12,Homelands Service Provider Report 2023,BushTel population,,
819,DILLINYA,Family Outstation,-15.85698,132.04505,,,Unavailable,No population found,,
310,DITCHI,Family Outstation,-14.30373,129.40855,,,Unavailable,No population found,,
482,DJARRAKPI,Family Outstation,-13.29691,136.35162,29,29,Homelands Service Provider Report 2023,BushTel population,,
670,DJARRUNG,Family Outstation,-14.81311,131.53759,2,2,Homelands Service Provider Report 2023,BushTel population,,
965,DJINKARR,Family Outstation,-12.21287,134.29626,10,10,Homelands Service Provider Report 2023,BushTel population,,
981,DJIRRBIYAK,Family Outstation,-12.72945,132.76363,30,30,Homelands Service Provider Report 2023,BushTel population,,
484,DJURRANALPI,Family Outstation,-11.84684,135.87292,1,1,Homelands Service Provider Report 2023,BushTel population,,
46,DONS BORE,Family Outstation,-22.26233,131.92027,8,8,Homelands Service Provider Report 2023,BushTel population,,
485,DONYDJI,Family Outstation,-12.89045,135.47028,39,39,Homelands Service Provider Report 2023,BushTel population,,
942,DOOJUM,Family Outstation,-15.72519,129.15921,,,Unavailable,No population found,,
24897,DOUBLE D,Family Outstation,-21.23177,134.94684,1,1,Homelands Service Provider Report 2023,BushTel population,,
631,DUCK PONDS,Family Outstation,-18.77377,131.27766,,,Unavailable,No population found,,
879,EAGLE VALLEY,Family Outstation,-24.92999,129.09845,,,Unavailable,No population found,,
34,EIGHT MILE,Family Outstation,-23.88699,132.68279,,,Unavailable,No population found,,
920,ELITJIA,Family Outstation,-23.77677,133.61583,16,16,Homelands Service Provider Report 2023,BushTel population,,
12641,ELLIOTT,Village,-17.5527,133.5408,337,337,Based on ABS 2021 Census SA1,BushTel population,ILOC70700401,Elliott
225,ELLIOTT NORTH CAMP,Town Camp,-17.54989,133.53597,,,Unavailable,No population found,,
224,ELLIOTT SOUTH CAMP,Town Camp,-17.56218,133.55746,,,Unavailable,No population found,,
882,EMU POINT,Family Outstation,-14.17021,130.32777,85,85,Homelands Service Provider Report 2023,BushTel population,ILOC70400102,Emu Point
33,ENGAWALA,Minor,-22.80257,134.45547,193,193,Based on ABS 2021 Census SA1,BushTel population,ILOC70900503,Engawala
35,EWYENPER ATWATYE,Town Camp,-23.7081,133.89974,,,Unavailable,No population found,,
36,FINKE,Major,-25.58144,134.57842,224,224,Based on ABS 2021 Census SA1,BushTel population,,
950,FITZROY STATION,Family Outstation,-15.56298,130.93431,12,12,Homelands Service Provider Report 2023,BushTel population,,
57,FIVE MILE,Family Outstation,-23.91848,132.84834,3,3,Homelands Service Provider Report 2023,BushTel population,,
12769,FIVE MILE,Family Outstation,-13.72684,130.71831,,,Unavailable,No population found,,
685,FLICKS HOLE,Family Outstation,-15.61606,134.09331,,,Unavailable,No population found,,
911,FOSSIL HEAD,Family Outstation,-14.53778,129.52127,34,34,Homelands Service Provider Report 2023,BushTel population,,
909,FOXALLS WELL,Family Outstation,-23.07383,134.82355,8,8,Homelands Service Provider Report 2023,BushTel population,,
496,GALARU,Family Outstation,-12.16601,136.75732,,,Unavailable,No population found,,
807,GALAWARRA,Family Outstation,-12.0444,135.59373,4,4,Homelands Service Provider Report 2023,BushTel population,,
489,GALAWDJAPIN,Family Outstation,-12.28695,134.81751,12,12,Homelands Service Provider Report 2023,BushTel population,,
492,GALIWINKU,Major,-12.0235,135.5664,2582,2582,Based on ABS 2021 Census SA1,BushTel population,ILOC70600401,Galiwinku
495,GALUPA,Family Outstation,-12.1925,136.6892,,,Unavailable,No population found,,
315,GAMARDI,Family Outstation,-12.27398,134.68321,55,55,Homelands Service Provider Report 2023,BushTel population,,
316,GAMARGAWAN,Family Outstation,-12.64914,134.07646,12,12,Homelands Service Provider Report 2023,BushTel population,,
498,GAN GAN,Minor,-13.04605,135.94354,78,78,Homelands Service Provider Report 2023,BushTel population,ILOC70600302,Gan Gan
1024,GANIYARRANG,Family Outstation,-14.475,135.02131,,,Unavailable,No population found,,
499,GANPURA,Family Outstation,-11.88523,135.81235,5,5,Homelands Service Provider Report 2023,BushTel population,,
500,GAPUWIYAK,Major,-12.50322,135.80587,828,828,Based on ABS 2021 Census SA1,BushTel population,ILOC70600201,Gapuwiyak
963,GARANYDJIRR,Family Outstation,-12.28204,135.02095,8,8,Homelands Service Provider Report 2023,BushTel population,,
229,GARAWA 1,Town Camp,-16.06879,136.32129,,,Unavailable,No population found,,
992,GARAWA 2,Town Camp,-16.0739,136.3189,,,Unavailable,No population found,,
993,GARRINJINNY,Family Outstation,-16.67496,135.64751,8,8,Homelands Service Provider Report 2023,BushTel population,,
504,GARRIYAK,Family Outstation,-12.14861,135.56284,,,Unavailable,No population found,,
505,GARRTHALALA,Family Outstation,-12.76305,136.56918,54,54,Homelands Service Provider Report 2023,BushTel population,,
507,GATJI,Family Outstation,-12.27306,134.82029,4,4,Homelands Service Provider Report 2023,BushTel population,,
508,GAWA,Family Outstation,-11.76032,135.90485,19,19,Homelands Service Provider Report 2023,BushTel population,,
509,GIKAL,Family Outstation,-12.05218,136.32037,,,Unavailable,No population found,,
38,GILBERT SPRINGS,Family Outstation,-23.97177,132.48073,,,Unavailable,No population found,,
490,GILIRRI,Family Outstation,-12.33029,134.81695,,,Unavailable,No population found,,
597,GILWI,Family Outstation,-15.78711,130.53275,86,86,Homelands Service Provider Report 2023,BushTel population,,
945,GIMBAT,Family Outstation,-13.57854,132.60772,,,Unavailable,No population found,,
510,GITAN,Family Outstation,-11.91169,135.78183,,,Unavailable,No population found,,
319,GOCHAN JINY JIRRA,Minor,-12.19925,134.45751,33,33,Homelands Service Provider Report 2023,BushTel population,,
669,GONGURUWUY,Family Outstation,-12.06638,136.15085,,,Unavailable,No population found,,
723,GOOLMINYINI,Family Outstation,-16.15829,136.09751,29,29,Homelands Service Provider Report 2023,BushTel population,,
596,GORPULYUL,Family Outstation,-13.34621,134.14587,,,Unavailable,No population found,,
321,GORRONG-GORRONG,Family Outstation,-12.12294,134.49532,6,6,Homelands Service Provider Report 2023,BushTel population,,
44,GREEN VALLEY,Family Outstation,-23.15051,131.73817,2,2,Homelands Service Provider Report 2023,BushTel population,,
740,GUDJEKBIN,Family Outstation,-12.25097,133.80109,,,Unavailable,No population found,,
741,GUL GUL,Family Outstation,-11.13042,132.33842,,,Unavailable,No population found,,
24905,GULARDI,Family Outstation,-15.71326,130.48399,14,14,Homelands Service Provider Report 2023,BushTel population,,
512,GULMARRI,Family Outstation,-11.91701,135.82229,5,5,Homelands Service Provider Report 2023,BushTel population,,
867,GULNGARRING,Family Outstation,-13.13876,131.09811,,,Unavailable,No population found,,
204,GULUNGURU,Family Outstation,-19.35439,136.03855,,,Unavailable,No population found,,
328,GUMARRIRNBANG,Family Outstation,-12.32945,133.99695,31,31,Homelands Service Provider Report 2023,BushTel population,,
308,GUMERAGI,Family Outstation,-11.1688,132.1647,7,7,Homelands Service Provider Report 2023,BushTel population,,
691,GUMULUJI,Family Outstation,-17.93534,137.48038,,,Unavailable,No population found,,
497,GUMURUGURU,Family Outstation,-12.06001,134.76306,,,Unavailable,No population found,,
329,GUNBALANYA,Major,-12.324,133.056,1354,1354,Based on ABS 2021 Census SA1,BushTel population,ILOC70400402,Gunbalanya
514,GUNYANGARA,Minor,-12.21542,136.70569,283,283,Based on ABS 2021 Census SA1,BushTel population,ILOC70600501,Gunyangara
330,GUPANGA,Family Outstation,-12.0752,134.5843,,,Unavailable,No population found,,
516,GURKAWUY,Family Outstation,-12.97616,136.50362,9,9,Homelands Service Provider Report 2023,BushTel population,,
331,GURRGURR,Family Outstation,-12.20644,134.00904,,,Unavailable,No population found,,
517,GURRUMURU,Minor,-12.59224,136.23168,44,44,Homelands Service Provider Report 2023,BushTel population,,
804,GUTJANGAN,Family Outstation,-12.0839,136.80857,37,37,Homelands Service Provider Report 2023,BushTel population,,
41,HAASTS BLUFF,Major,-23.44733,131.88129,96,96,Based on ABS 2021 Census SA1,BushTel population,,
845,HALFWAY CAMP,Family Outstation,-25.69492,134.36263,,,Unavailable,No population found,,
903,HATCHES CREEK,Family Outstation,-20.84606,135.21349,1,1,Homelands Service Provider Report 2023,BushTel population,,
1028,HAWK DREAMING,Family Outstation,-12.37053,132.93914,4,4,Homelands Service Provider Report 2023,BushTel population,,
43,HERMANNSBURG,Major,-23.9427,132.7787,647,647,Based on ABS 2021 Census SA1,BushTel population,ILOC70900701,Hermannsburg
973,HINGSTONS PLACE,Family Outstation,-19.61773,134.19703,6,6,Homelands Service Provider Report 2023,BushTel population,,
600,HODGSON RIVER STATION,Minor,-15.57495,134.09553,,,Unavailable,No population found,,
13339033,HONEYMOON BORE,Family Outstation,-21.66791,135.24665,2,2,Homelands Service Provider Report 2023,BushTel population,,
675,HOPPYS CAMP,Town Camp,-23.68405,133.87658,,,Unavailable,No population found,,
334,HUMPTY DOO,Family Outstation,-12.63105,131.26078,4,4,Homelands Service Provider Report 2023,BushTel population,,
800,HUNTERS CAMP,Family Outstation,-12.65001,132.8291,8,8,Homelands Service Provider Report 2023,BushTel population,,
813,IJARRA,Family Outstation,-16.2152,136.00501,,,Unavailable,No population found,,
1005,ILEPARRATYE,Family Outstation,-22.02145,133.42931,9,9,Homelands Service Provider Report 2023,BushTel population,,
24990,ILJITJARRI,Family Outstation,-24.53401,132.49215,5,5,Homelands Service Provider Report 2023,BushTel population,,
45,ILKARRALALAMA,Family Outstation,-23.96461,132.46504,2,2,Homelands Service Provider Report 2023,BushTel population,,
737,ILLEUWURRU,Family Outstation,-21.60913,134.39411,,,Unavailable,No population found,,
709,ILPERLE,Family Outstation,-22.92737,135.71575,3,3,Homelands Service Provider Report 2023,BushTel population,,
48,ILPERLE-TYATHE,Town Camp,-23.6656,133.8611,,,Unavailable,No population found,,
676,ILPEYE ILPEYE ESTATE,Town Camp,-23.70016,133.90731,,,Unavailable,No population found,,
49,ILPILI,Family Outstation,-23.32393,130.36045,,,Unavailable,No population found,,
1018,ILPURLA,Family Outstation,-24.31521,132.71446,6,6,Homelands Service Provider Report 2023,BushTel population,,
904,ILUWURRU,Family Outstation,-19.03222,136.65003,,,Unavailable,No population found,,
50,ILYIPERENYE,Town Camp,-23.74382,133.87079,,,Unavailable,No population found,,
250,IMANGARA,Minor,-21.04961,134.68117,79,79,Based on ABS 2021 Census SA1,BushTel population,ILOC70700303,Imangara
51,IMANPA,Major,-25.13051,132.56999,146,146,Based on ABS 2021 Census SA1,BushTel population,,
20926,IMPADNA,Family Outstation,-25.15452,133.56947,,,Unavailable,No population found,,
961,IMPERRENTH,Family Outstation,-21.21086,134.96858,,,Unavailable,No population found,,
52,IMPORTNA,Family Outstation,-23.94048,132.74341,4,4,Homelands Service Provider Report 2023,BushTel population,,
90,INARLENGE,Town Camp,-23.72882,133.85896,,,Unavailable,No population found,,
932,INBINA ATWATYE,Family Outstation,-23.74118,133.71324,11,11,Homelands Service Provider Report 2023,BushTel population,,
15,INDARINGINYA,Family Outstation,-21.67707,134.71992,41,41,Homelands Service Provider Report 2023,BushTel population,,
54,ININTI,Family Outstation,-23.16827,129.15249,,,Unavailable,No population found,,
336,INJILATPARRI,Family Outstation,-11.61113,133.41363,,,Unavailable,No population found,,
55,INJIRRAMURRI,Family Outstation,-22.46523,131.12911,,,Unavailable,No population found,,
8,INJULKAMA,Family Outstation,-23.07626,133.10673,,,Unavailable,No population found,,
726,INKAWENYERRE,Family Outstation,-21.82016,134.84707,43,43,Homelands Service Provider Report 2023,BushTel population,,
82,INKWELAYE,Family Outstation,-22.07951,134.83153,31,31,Homelands Service Provider Report 2023,BushTel population,,
56,INTJARTNAMA,Family Outstation,-24.06292,132.92056,16,16,Homelands Service Provider Report 2023,BushTel population,,
59,INYILINGI,Family Outstation,-23.24973,131.42488,,,Unavailable,No population found,,
771,IPALALA,Family Outstation,-23.92556,132.67808,3,3,Homelands Service Provider Report 2023,BushTel population,,
60,IPOLERA,Family Outstation,-23.98862,132.37407,,,Unavailable,No population found,,
978,IRGUL POINT,Family Outstation,-11.34201,132.52876,14,14,Homelands Service Provider Report 2023,BushTel population,,
1025,IRKLANCHA ATWACHA,Town Camp,-23.6941,133.9052,,,Unavailable,No population found,,
826,IRON STONE,Family Outstation,-12.89499,130.43571,,,Unavailable,No population found,,
703,IRRERLIRRE,Family Outstation,-22.8462,135.1345,40,40,Homelands Service Provider Report 2023,BushTel population,,
921,IRRILTYERE (A),Family Outstation,-23.75129,133.69467,9,9,Homelands Service Provider Report 2023,BushTel population,,
922,IRRILTYERE (B),Family Outstation,-23.76105,133.68564,10,10,Homelands Service Provider Report 2023,BushTel population,,
853,IRRMARNE,Family Outstation,-21.65405,136.39475,,,Unavailable,No population found,,
24989,IRROWA,Family Outstation,-24.62515,132.33103,9,9,Homelands Service Provider Report 2023,BushTel population,,
63,IRRULTJA,Minor,-21.97997,135.11128,45,45,Homelands Service Provider Report 2023,BushTel population,ILOC70901203,Irrultja
935,ITCHY KOO PARK,Family Outstation,-23.76667,133.65816,52,52,Homelands Service Provider Report 2023,BushTel population,,
923,ITEYEPINTYE,Family Outstation,-23.76466,133.59994,25,25,Homelands Service Provider Report 2023,BushTel population,,
924,ITPERLYENGE,Family Outstation,-23.76361,133.61103,23,23,Homelands Service Provider Report 2023,BushTel population,,
64,ITWIYETHWENGE,Town Camp,-23.66363,133.87168,,,Unavailable,No population found,,
65,IWUPATAKA,Minor,-23.79061,133.50327,,,Unavailable,No population found,,
727,IYLENTYE,Family Outstation,-21.98676,134.72667,33,33,Homelands Service Provider Report 2023,BushTel population,,
13836,JABIRU,Village,-12.6752,132.8337,886,886,Based on ABS 2021 Census SA1,BushTel population,ILOC70400201,Jabiru
704,JANGIRULU,Family Outstation,-18.12561,133.61111,,,Unavailable,No population found,,
234,JARRA JARRA,Family Outstation,-20.84765,133.22064,,,Unavailable,No population found,,
966,JARRAMAGORNDARRA,Family Outstation,-12.29072,134.65311,,,Unavailable,No population found,,
824,JEMELKE,Family Outstation,-21.53389,133.87473,10,10,Homelands Service Provider Report 2023,BushTel population,,
338,JI-BALBAL,Family Outstation,-12.29755,134.61989,12,12,Homelands Service Provider Report 2023,BushTel population,,
311,JI-BENA,Family Outstation,-12.14418,134.5264,29,29,Homelands Service Provider Report 2023,BushTel population,,
793,JI-MALAWA,Family Outstation,-12.12168,134.67334,50,50,Homelands Service Provider Report 2023,BushTel population,,
340,JI-MARDA,Family Outstation,-12.05613,134.61501,55,55,Homelands Service Provider Report 2023,BushTel population,,
593,JILKMINGGAN,Minor,-14.95306,133.3,309,309,Based on ABS 2021 Census SA1,BushTel population,ILOC70500304,Jilkminggan
261,JILUNDARINA,Family Outstation,-17.60557,137.57665,,,Unavailable,No population found,,
989,JIMILAYA,Family Outstation,-15.6082,136.67192,,,Unavailable,No population found,,
235,JINGALOO,Family Outstation,-17.11311,133.61433,,,Unavailable,No population found,,
646,JIWARANPA,Family Outstation,-19.55541,129.92674,,,Unavailable,No population found,,
598,JODETLUK,Family Outstation,-14.36,132.43333,21,21,Homelands Service Provider Report 2023,BushTel population,,
710,JOMET (URPALARWN),Family Outstation,-15.42069,133.11146,,,Unavailable,No population found,,
602,JOWAR,Family Outstation,-14.72747,134.42881,,,Unavailable,No population found,,
695,JUNGARRAYI WARRNU,Family Outstation,-22.68594,131.43088,,,Unavailable,No population found,,
734,JUNKAJI,Family Outstation,-20.44656,134.14149,,,Unavailable,No population found,,
794,KABALYARRA,Family Outstation,-12.06946,134.21279,15,15,Homelands Service Provider Report 2023,BushTel population,,
1007,KABULWARNAMYO,Family Outstation,-12.76486,133.84472,4,4,Homelands Service Provider Report 2023,BushTel population,,
326,KAKODBABULDI,Family Outstation,-12.40779,134.15779,20,20,Homelands Service Provider Report 2023,BushTel population,,
736,KALINJARRI,Family Outstation,-20.39752,134.36571,,,Unavailable,No population found,,
603,KALKARINDJI,Major,-17.44675,130.83212,450,450,Based on ABS 2021 Census SA1,BushTel population,ILOC70500202,Kalkarindji
947,KALPITAPTA,Family Outstation,-20.89936,135.35397,,,Unavailable,No population found,,
66,KALTUKATJARA,Major,-24.87611,129.07916,269,269,Based on ABS 2021 Census SA1,BushTel population,,
941,KALUMBULANI,Family Outstation,-16.8772,131.21949,,,Unavailable,No population found,,
236,KALUMPURLPA,Family Outstation,-19.00387,133.91809,,,Unavailable,No population found,,
237,KANGAROO ISLAND,Family Outstation,-15.88848,136.53951,10,10,Homelands Service Provider Report 2023,BushTel population,,
980,KAPALGA,Family Outstation,-12.69876,132.37113,10,10,Homelands Service Provider Report 2023,BushTel population,,
67,KAPORILYA,Family Outstation,-23.93974,132.72029,9,9,Homelands Service Provider Report 2023,BushTel population,,
238,KARGARU,Town Camp,-19.65861,134.19806,,75,ABS Census 2021 ILOC,ABS exact-name match,ILOC70700501,Kargaru
69,KARNTE,Town Camp,-23.76437,133.86474,,,Unavailable,No population found,,
116,KARRINYARRA,Family Outstation,-22.66329,131.87876,,,Unavailable,No population found,,
14071,KATHERINE,Town,-14.46676,132.26677,,,Unavailable,No population found,,
870,KATJUTARI,Family Outstation,-23.74085,132.00474,4,4,Homelands Service Provider Report 2023,BushTel population,,
883,KELERRK,Family Outstation,-13.95783,130.32647,,,Unavailable,No population found,,
1017,KEWULYI,Family Outstation,-14.92699,134.00927,16,16,Homelands Service Provider Report 2023,BushTel population,,
722,KIANA,Family Outstation,-17.24236,136.18411,15,15,Homelands Service Provider Report 2023,BushTel population,,
72,KINTORE,Major,-23.27591,129.38725,493,493,Based on ABS 2021 Census SA1,BushTel population,,
344,KNUCKEY LAGOON INDIGENOUS VILLAGE,Town Camp,-12.43654,130.93749,,,Unavailable,No population found,,
345,KOLORBIDAHDAH,Family Outstation,-12.61309,134.32539,14,14,Homelands Service Provider Report 2023,BushTel population,,
912,KUBUYIRR,Family Outstation,-14.12168,129.78499,,,Unavailable,No population found,,
936,KUDANTIGA,Family Outstation,-14.42918,129.42918,9,9,Homelands Service Provider Report 2023,BushTel population,,
347,KULALUK,Town Camp,-12.39279,130.8489,,39,ABS Census 2021 ILOC,ABS exact-name match,ILOC70300303,Kulaluk
747,KULANG,Family Outstation,-24.71557,129.00638,,,Unavailable,No population found,,
14240,KULGERA,Village,-25.84084,133.30048,,,Unavailable,No population found,,
76,KULPITHARRA,Family Outstation,-23.73974,132.00279,2,2,Homelands Service Provider Report 2023,BushTel population,,
351,KULTCHILL,Family Outstation,-14.42586,129.57391,,,Unavailable,No population found,,
1000,KUMUNU,Family Outstation,-18.76418,133.63946,,,Unavailable,No population found,,
967,KUMURRULU,Family Outstation,-12.27171,134.07048,15,15,Homelands Service Provider Report 2023,BushTel population,,
77,KUNAPULA,Family Outstation,-25.15697,129.23411,,,Unavailable,No population found,,
239,KUNAYUNGKU,Family Outstation,-19.74209,133.72464,,,Unavailable,No population found,,
391,KUNGARREWARL,Family Outstation,-12.34346,133.05617,4,4,Homelands Service Provider Report 2023,BushTel population,,
78,KUNGKAYUNTI,Family Outstation,-23.62647,131.24371,,,Unavailable,No population found,,
1029,KUNOTH,Town Camp,-23.69054,133.88026,,,Unavailable,No population found,,
14262,KURINELLI,Family Outstation,-20.6114,135.04,,,Unavailable,No population found,,
110,KURIPPI,Family Outstation,-22.14211,132.05316,,,Unavailable,No population found,,
81,KURKUTJARA,Family Outstation,-25.94178,129.41115,,,Unavailable,No population found,,
905,KURNTAPURRA,Family Outstation,-19.39177,135.39788,24,24,Homelands Service Provider Report 2023,BushTel population,,
822,KURRAYA,Family Outstation,-19.76559,134.47545,1,1,Homelands Service Provider Report 2023,BushTel population,,
753,KURRURLDUL,Family Outstation,-12.48806,134.24012,,,Unavailable,No population found,,
776,KUWUMA,Family Outstation,-13.59805,130.36991,1,1,Homelands Service Provider Report 2023,BushTel population,,
718,KUY,Family Outstation,-14.03546,129.59784,29,29,Homelands Service Provider Report 2023,BushTel population,,
83,KWALA,Family Outstation,-23.92724,132.88974,4,4,Homelands Service Provider Report 2023,BushTel population,,
925,KWALE KWALE,Family Outstation,-23.76972,133.57451,21,21,Homelands Service Provider Report 2023,BushTel population,,
777,KWOMBOM,Family Outstation,-13.95523,130.29075,,,Unavailable,No population found,,
608,KYBROOK FARM,Minor,-13.86316,131.82196,,,Unavailable,No population found,,
85,LABRAPUNTJA,Family Outstation,-23.91184,132.93926,9,9,Homelands Service Provider Report 2023,BushTel population,,
609,LAJAMANU,Major,-18.33584,130.63834,767,767,Based on ABS 2021 Census SA1,BushTel population,ILOC70500601,Lajamanu
833,LAKE KATHERINE,Family Outstation,-14.27374,135.06805,,,Unavailable,No population found,,
519,LANGARRA,Family Outstation,-12.09918,135.36168,23,23,Homelands Service Provider Report 2023,BushTel population,,
86,LARAMBA,Major,-22.53297,132.75603,222,222,Based on ABS 2021 Census SA1,BushTel population,ILOC70900303,Laramba
87,LARAPINTA VALLEY,Town Camp,-23.71104,133.8514,,,Unavailable,No population found,,
14359,LARRIMAH,Village,-15.5757,133.2163,,,Unavailable,No population found,,
696,LARRPAYANJI,Family Outstation,-14.78334,134.68017,,,Unavailable,No population found,,
1008,LEICHARDT,Family Outstation,-13.84806,130.27907,,,Unavailable,No population found,,
820,LIJA MUKUMPARLA,Family Outstation,-17.33208,135.08074,,,Unavailable,No population found,,
721,LIKKAPARTA,Minor,-19.34336,134.53799,1,1,Homelands Service Provider Report 2023,BushTel population,,
610,LIKU,Family Outstation,-17.91141,130.50429,,,Unavailable,No population found,,
88,LILLA,Family Outstation,-24.3005,131.6026,9,9,Homelands Service Provider Report 2023,BushTel population,,
93,LILTJERA,Family Outstation,-23.9364,132.63779,6,6,Homelands Service Provider Report 2023,BushTel population,,
24996,LILY HOLE,Family Outstation,-17.24737,133.74957,6,6,Homelands Service Provider Report 2023,BushTel population,,
613,LINGARA,Family Outstation,-16.48694,130.64333,46,46,Homelands Service Provider Report 2023,BushTel population,,
91,LITTLE WELL,Family Outstation,-24.13547,135.33314,6,6,Homelands Service Provider Report 2023,BushTel population,,
856,LIZARD BORE,Family Outstation,-23.30034,131.13465,,,Unavailable,No population found,,
92,LTIRA,Family Outstation,-24.05709,132.90182,16,16,Homelands Service Provider Report 2023,BushTel population,,
614,LUL-TJU,Family Outstation,-18.37671,130.59313,,,Unavailable,No population found,,
871,LUNTHARRA,Family Outstation,-23.73543,132.04497,1,1,Homelands Service Provider Report 2023,BushTel population,,
94,LYILYALANAMA,Family Outstation,-23.94724,132.74474,3,3,Homelands Service Provider Report 2023,BushTel population,,
28,MALA,Family Outstation,-21.69494,130.85331,,,Unavailable,No population found,,
376,MALGAWA,Family Outstation,-12.83887,133.91826,12,12,Homelands Service Provider Report 2023,BushTel population,,
522,MALKALA,Family Outstation,-13.8914,136.44224,97,97,Homelands Service Provider Report 2023,BushTel population,,
851,MALLARRAMI,Family Outstation,-11.77541,136.53563,9,9,Homelands Service Provider Report 2023,BushTel population,,
523,MALNJANGARNAK,Family Outstation,-12.66057,134.77335,9,9,Homelands Service Provider Report 2023,BushTel population,,
355,MAMADAWERRE,Family Outstation,-12.25629,133.65782,75,75,Homelands Service Provider Report 2023,BushTel population,ILOC70400403,Mamadawerre
694,MAMADI,Family Outstation,-17.84951,129.63515,,,Unavailable,No population found,,
687,MANABURDURMA,Town Camp,-12.66638,132.84319,,,Unavailable,No population found,,
816,MANANGOORA,Family Outstation,-16.0515,136.86085,2,2,Homelands Service Provider Report 2023,BushTel population,,
897,MANDEDJKADJANG,Family Outstation,-12.26454,134.03056,9,9,Homelands Service Provider Report 2023,BushTel population,,
359,MANDILBARRENG,Family Outstation,-12.27402,133.58456,8,8,Homelands Service Provider Report 2023,BushTel population,,
361,MANGARDUBU,Family Outstation,-12.0937,133.1864,,,Unavailable,No population found,,
362,MANINGRIDA,Major,-12.05085,134.22363,2956,2956,Based on ABS 2021 Census SA1,BushTel population,ILOC70400301,Maningrida
360,MANKORLOD,Family Outstation,-12.56501,134.27067,26,26,Homelands Service Provider Report 2023,BushTel population,,
363,MANMOYI,Minor,-12.54064,134.11001,81,81,Homelands Service Provider Report 2023,BushTel population,ILOC70400404,Manmoyi
97,MANTAPAYIKA,Family Outstation,-25.47458,130.22561,,,Unavailable,No population found,,
595,MANYALLALUK,Minor,-14.26649,132.82797,121,121,Based on ABS 2021 Census SA1,BushTel population,ILOC70500305,Manyallaluk
902,MAPERTE,Family Outstation,-22.54159,136.38103,,,Unavailable,No population found,,
524,MAPURU,Minor,-12.25318,135.43779,81,81,Homelands Service Provider Report 2023,BushTel population,,
222,MARA,Town Camp,-16.05085,136.30474,,202,ABS Census 2021 ILOC,ABS exact-name match,ILOC70500102,Mara
618,MARIA LAGOON,Family Outstation,-15.29989,135.44463,,,Unavailable,No population found,,
828,MARIAH,Family Outstation,-11.22968,132.38022,,,Unavailable,No population found,,
994,MARINIRI,Family Outstation,-16.67001,136.9014,,,Unavailable,No population found,,
223,MARLA MARLA,Town Camp,-19.655,134.179,,,Unavailable,No population found,,
252,MARLINJA,Minor,-17.37111,133.40305,68,68,Homelands Service Provider Report 2023,BushTel population,,
325,MARLWON,Family Outstation,-12.13453,133.86307,,,Unavailable,No population found,,
619,MARRALUM,Family Outstation,-15.39109,129.25026,18,18,Homelands Service Provider Report 2023,BushTel population,,
894,MARRAMARRANI,Family Outstation,-11.30261,132.55341,,,Unavailable,No population found,,
527,MARRAYA,Family Outstation,-13.83939,135.80099,,,Unavailable,No population found,,
899,MARRKALAWA,Family Outstation,-13.57423,135.7131,10,10,Homelands Service Provider Report 2023,BushTel population,,
368,MARRKOLIDJBAN,Family Outstation,-12.23751,134.06446,21,21,Homelands Service Provider Report 2023,BushTel population,,
528,MARTJANBA,Family Outstation,-11.17006,136.70702,,,Unavailable,No population found,,
529,MATAMATA,Family Outstation,-12.07676,136.27125,7,7,Homelands Service Provider Report 2023,BushTel population,,
23547,MATARANKA,Village,-14.92435,133.06795,384,384,Based on ABS 2021 Census SA1,BushTel population,,
620,MATARANKA TOWN CAMP,Town Camp,-14.92618,133.06738,,,Unavailable,No population found,,
530,MAWULYUMANJA,Family Outstation,-13.84278,136.72335,9,9,Homelands Service Provider Report 2023,BushTel population,,
101,MBALKANAKA,Family Outstation,-23.95349,132.87547,2,2,Homelands Service Provider Report 2023,BushTel population,,
102,MBUNGHARA,Family Outstation,-23.29071,132.35891,42,42,Homelands Service Provider Report 2023,BushTel population,,
847,MCDONALDS YARD,Family Outstation,-17.78239,130.59211,,,Unavailable,No population found,,
951,MENNGEN,Family Outstation,-15.35696,131.27307,43,43,Homelands Service Provider Report 2023,BushTel population,,
872,MERRAL NTARRAKALA,Family Outstation,-23.91418,132.82865,7,7,Homelands Service Provider Report 2023,BushTel population,,
717,MERREPEN,Family Outstation,-14.22128,129.96735,26,26,Homelands Service Provider Report 2023,BushTel population,,
372,MEWIRNBI,Family Outstation,-12.12529,134.76806,40,40,Homelands Service Provider Report 2023,BushTel population,,
621,MIALI BRUMBY,Town Camp,-14.45583,132.2589,,,Unavailable,No population found,,
373,MIKGINJ VALLEY,Family Outstation,-12.47966,133.07465,12,12,Homelands Service Provider Report 2023,BushTel population,,
987,MILIBUNTHURRA,Family Outstation,-15.96231,136.42333,4,4,Homelands Service Provider Report 2023,BushTel population,,
374,MILIKAPITI,Major,-11.42167,130.67418,486,486,Based on ABS 2021 Census SA1,BushTel population,ILOC70400601,Milikapiti
531,MILINGIMBI,Major,-12.1036,134.9201,1288,1288,Based on ABS 2021 Census SA1,BushTel population,ILOC70600701,Milingimbi
830,MILMILNGKAN,Family Outstation,-12.52316,134.24731,27,27,Homelands Service Provider Report 2023,BushTel population,,
532,MILYAKBURRA,Major,-13.78389,136.19583,124,124,Based on ABS 2021 Census SA1,BushTel population,,
724,MIMINA,Family Outstation,-16.80211,136.83428,,,Unavailable,No population found,,
375,MINJILANG,Major,-11.1507,132.5786,311,311,Based on ABS 2021 Census SA1,BushTel population,ILOC70400405,Minjilang
825,MINMARAMA PARK,Town Camp,-12.41118,130.84918,,535,ABS Census 2021 ILOC,ABS exact-name match,ILOC70300304,Minmarama Park
624,MINYERRI,Major,-15.2216,134.0821,763,763,Based on ABS 2021 Census SA1,BushTel population,ILOC70500402,Minyerri
745,MIRRIDI,Family Outstation,-19.01873,130.77884,,,Unavailable,No population found,,
535,MIRRNATJA,Family Outstation,-12.65779,135.19307,7,7,Homelands Service Provider Report 2023,BushTel population,,
626,MISTAKE CREEK,Family Outstation,-17.10927,129.04319,,,Unavailable,No population found,,
536,MIWUL,Family Outstation,-14.03209,135.91266,,,Unavailable,No population found,,
827,MOBARN,Family Outstation,-13.57939,134.35499,,,Unavailable,No population found,,
627,MOLE HILL,Family Outstation,-14.87499,133.83303,2,2,Homelands Service Provider Report 2023,BushTel population,,
628,MOMOB,Family Outstation,-13.35693,134.26915,,,Unavailable,No population found,,
15203,MOOLOOLOO,Family Outstation,-16.33559,131.51505,,,Unavailable,No population found,,
990,MOOLOOWA,Family Outstation,-15.62411,137.00053,5,5,Homelands Service Provider Report 2023,BushTel population,,
501,MOORONGA,Family Outstation,-11.92119,135.0749,13,13,Homelands Service Provider Report 2023,BushTel population,,
105,MORRIS GAP,Family Outstation,-24.1307,131.4532,,,Unavailable,No population found,,
106,MOTNAS,Family Outstation,-23.94974,132.76946,3,3,Homelands Service Provider Report 2023,BushTel population,,
109,MOUNT BARKLY,Family Outstation,-21.61391,132.44114,,,Unavailable,No population found,,
629,MOUNT CATT,Family Outstation,-13.80018,134.43241,12,12,Homelands Service Provider Report 2023,BushTel population,,
957,MOUNT JEAN,Family Outstation,-13.53259,134.17191,,,Unavailable,No population found,,
112,MOUNT LIEBIG,Major,-23.26605,131.27319,282,282,Based on ABS 2021 Census SA1,BushTel population,,
113,MOUNT NANCY,Town Camp,-23.66751,133.87001,,,Unavailable,No population found,,
790,MOUNT PEACHY,Family Outstation,-24.39416,133.87181,4,4,Homelands Service Provider Report 2023,BushTel population,,
875,MOUNT TWELLAR,Family Outstation,-23.54198,133.62279,17,17,Homelands Service Provider Report 2023,BushTel population,,
108,MPWETYERRE,Town Camp,-23.71679,133.87412,,,Unavailable,No population found,,
855,MT EAGLEBEAK,Family Outstation,-22.9564,135.19891,24,24,Homelands Service Provider Report 2023,BushTel population,,
702,MT MAIYO,Family Outstation,-17.69491,129.39755,,,Unavailable,No population found,,
964,MU-GURTA,Family Outstation,-12.25897,134.50814,12,12,Homelands Service Provider Report 2023,BushTel population,,
1001,MUCKATY,Family Outstation,-18.63932,133.8959,,,Unavailable,No population found,,
380,MUDGINBERRI,Family Outstation,-12.59772,132.87334,40,40,Homelands Service Provider Report 2023,BushTel population,ILOC70400203,Mudginberri
808,MUDHAMUL,Family Outstation,-12.16089,136.17208,,,Unavailable,No population found,,
118,MULGA BORE,Family Outstation,-22.45139,134.20944,46,46,Homelands Service Provider Report 2023,BushTel population,,
971,MULGGAN,Town Camp,-14.92004,133.0739,,,Unavailable,No population found,,
538,MULGURRAM,Family Outstation,-12.40196,134.96085,,,Unavailable,No population found,,
884,MULINGI,Family Outstation,-13.92666,129.95077,8,8,Homelands Service Provider Report 2023,BushTel population,,
382,MUMEKA,Family Outstation,-12.36306,134.13579,,,Unavailable,No population found,,
630,MUMPUMAMPU,Family Outstation,-14.38418,135.32835,,,Unavailable,No population found,,
801,MUMUKALA,Family Outstation,-12.61137,132.66648,10,10,Homelands Service Provider Report 2023,BushTel population,,
248,MUNGALAWURRU,Family Outstation,-19.38253,133.59552,15,15,Homelands Service Provider Report 2023,BushTel population,,
244,MUNGKARTA,Minor,-20.33702,134.19843,55,55,Homelands Service Provider Report 2023,BushTel population,,
647,MUNGURRUPA,Family Outstation,-20.58481,129.73313,,,Unavailable,No population found,,
215,MUNJI-MARLA,Town Camp,-19.64765,134.18279,,,Unavailable,No population found,,
249,MUNYALINI,Family Outstation,-16.09259,136.18938,44,44,Homelands Service Provider Report 2023,BushTel population,,
977,MURGENELLA PLAINS,Family Outstation,-11.71041,132.91239,,,Unavailable,No population found,,
858,MURRANJI,Family Outstation,-16.83598,132.8107,4,4,Homelands Service Provider Report 2023,BushTel population,,
688,MURTULKI,Family Outstation,-19.91784,134.38936,,,Unavailable,No population found,,
689,MURUN MURULA,Family Outstation,-18.49908,137.51754,,,Unavailable,No population found,,
648,MURUNING,Family Outstation,-15.67527,130.48457,50,50,Homelands Service Provider Report 2023,BushTel population,,
120,MUTITJULU,Major,-25.3523,131.0667,348,348,Based on ABS 2021 Census SA1,BushTel population,,
764,MUYIN,Family Outstation,-23.15972,129.00489,,,Unavailable,No population found,,
678,MYATT,Family Outstation,-15.70656,130.48335,12,12,Homelands Service Provider Report 2023,BushTel population,,
395,NABARLEK,Family Outstation,-12.30829,133.29216,,,Unavailable,No population found,,
887,NABBARLA KUNINDABBA,Family Outstation,-12.06125,134.40225,,,Unavailable,No population found,,
886,NADILMUK,Family Outstation,-11.99384,134.29454,5,5,Homelands Service Provider Report 2023,BushTel population,,
396,NADIRRI,Family Outstation,-13.95376,129.76657,,,Unavailable,No population found,,
541,NALIYINDI,Family Outstation,-12.54196,135.17863,,,Unavailable,No population found,,
1026,NAMA,Family Outstation,-14.22945,129.85879,28,28,Homelands Service Provider Report 2023,BushTel population,,
906,NAMERINNI,Family Outstation,-18.56818,133.71549,,,Unavailable,No population found,,
389,NAMUGARDABU,Family Outstation,-12.15779,134.02473,,,Unavailable,No population found,,
392,NANGAK,Family Outstation,-12.21148,134.28387,14,14,Homelands Service Provider Report 2023,BushTel population,,
393,NANGU,Family Outstation,-14.37314,129.37335,,,Unavailable,No population found,,
543,NANYINGBURRA,Family Outstation,-11.76057,135.87365,7,7,Homelands Service Provider Report 2023,BushTel population,,
974,NAPAGUNPA,Family Outstation,-19.10426,133.61851,,,Unavailable,No population found,,
873,NATJITNAMA,Family Outstation,-24.02113,132.98113,,,Unavailable,No population found,,
397,NAUIYU,Major,-13.75054,130.68893,411,411,Based on ABS 2021 Census SA1,BushTel population,,
341,NDJUDDA,Family Outstation,-11.98809,134.24773,,,Unavailable,No population found,,
716,NEMARLUK,Family Outstation,-14.24122,130.00325,24,24,Homelands Service Provider Report 2023,BushTel population,,
121,NEW BORE,Family Outstation,-23.22172,131.32769,9,9,Homelands Service Provider Report 2023,BushTel population,,
47,NEW ILPARPA,Town Camp,-23.76576,133.87068,,,Unavailable,No population found,,
21684,NEWCASTLE WATERS,Village,-17.3718,133.4103,,,Unavailable,No population found,,
545,NGADUMIYERRKA,Family Outstation,-13.82001,136.4564,27,27,Homelands Service Provider Report 2023,BushTel population,,
246,NGALPA NGALPA,Town Camp,-19.63529,134.19363,,,Unavailable,No population found,,
542,NGANGALALA,Minor,-12.29835,134.99224,44,44,Homelands Service Provider Report 2023,BushTel population,,
16207,NGANGURR,Family Outstation,-25.22205,129.9158,,,Unavailable,No population found,,
765,NGANKIRITJA,Family Outstation,-23.46459,131.87969,10,10,Homelands Service Provider Report 2023,BushTel population,,
404,NGANMARRIYANGA,Major,-14.35111,129.87889,427,427,Based on ABS 2021 Census SA1,BushTel population,,
731,NGAPPAMILARNU,Family Outstation,-19.86188,133.27846,,,Unavailable,No population found,,
430,NGARDINITCHI,Family Outstation,-14.19288,129.48431,,,Unavailable,No population found,,
796,YAMINYI,Family Outstation,-12.79026,134.35699,,,Unavailable,No population found,,
23746,NGARILIKIRLANGU,Family Outstation,-22.1251,131.7727,,,Unavailable,No population found,,
913,NGARINTHI,Family Outstation,-14.46204,129.42257,,,Unavailable,No population found,,
969,NGARLU NGARLU,Family Outstation,-11.86629,133.40906,,,Unavailable,No population found,,
869,NGARNKA,Family Outstation,-20.17566,129.90876,,,Unavailable,No population found,,
544,NGAYAWILLI,Family Outstation,-11.9943,135.5745,8,8,Homelands Service Provider Report 2023,BushTel population,,
546,NGILIPITJI,Family Outstation,-13.54468,135.52562,,,Unavailable,No population found,,
802,NGIPIN,Family Outstation,-11.60003,133.45832,,,Unavailable,No population found,,
126,NGKWARLERLANEM,Family Outstation,-21.72741,134.79113,,,Unavailable,No population found,,
633,NGUKURR,Major,-14.7317,134.7321,1277,1277,Based on ABS 2021 Census SA1,BushTel population,ILOC70500701,Ngukurr
125,NGUMAN,Family Outstation,-23.54158,129.75638,,,Unavailable,No population found,,
24900,NGUNGA,Family Outstation,-23.26484,131.2545,5,5,Homelands Service Provider Report 2023,BushTel population,,
915,NGUNTHAK,Family Outstation,-14.40445,129.36183,,,Unavailable,No population found,,
907,NGURRARA,Family Outstation,-19.42135,135.40553,10,10,Homelands Service Provider Report 2023,BushTel population,,
16217,NGURRUTIJI,Family Outstation,-20.1167,134.5167,,,Unavailable,No population found,,
763,NGUTJUL,Family Outstation,-23.29677,129.46752,,,Unavailable,No population found,,
839,NGUYARRAMINI,Family Outstation,-20.08713,134.38577,25,25,Homelands Service Provider Report 2023,BushTel population,,
16222,NHULUNBUY,Town,-12.187,136.7763,,3362,ABS Census 2021 ILOC,ABS exact-name match,ILOC70600502,Nhulunbuy
547,NIKAWU,Family Outstation,-12.08962,135.54545,,,Unavailable,No population found,,
639,NITJPURRU,Minor,-16.81412,131.22037,142,142,Based on ABS 2021 Census SA1,BushTel population,,
814,NORTH ISLAND,Family Outstation,-15.56294,136.84527,,,Unavailable,No population found,,
770,NTAKARRA,Family Outstation,-23.89501,132.68001,4,4,Homelands Service Provider Report 2023,BushTel population,,
127,NTURIYA,Major,-22.12379,133.26529,77,77,Based on ABS 2021 Census SA1,BushTel population,ILOC70900304,Nturiya
251,NUDJABARRA,Family Outstation,-17.97998,137.96944,,,Unavailable,No population found,,
632,NULAWAN,Family Outstation,-14.78729,134.93128,4,4,Homelands Service Provider Report 2023,BushTel population,,
549,NUMBULWAR,Major,-14.2791,135.7406,799,799,Based on ABS 2021 Census SA1,BushTel population,,
635,NUMMERLOORI,Family Outstation,-14.59159,134.97727,,,Unavailable,No population found,,
253,NURADIDGEE,Family Outstation,-20.11437,134.50849,,,Unavailable,No population found,,
129,NYEWENTE,Town Camp,-23.68779,133.86285,,,Unavailable,No population found,,
128,NYIRRIPI,Major,-22.6505,130.5532,295,295,Based on ABS 2021 Census SA1,BushTel population,ILOC70901001,Nyirripi
789,OAK VALLEY,Family Outstation,-24.38498,133.93218,4,4,Homelands Service Provider Report 2023,BushTel population,,
914,OLD MISSION,Family Outstation,-14.12918,129.49807,20,20,Homelands Service Provider Report 2023,BushTel population,,
100,OLD STATION,Family Outstation,-24.01911,132.86345,2,2,Homelands Service Provider Report 2023,BushTel population,,
878,OONDALOO,Family Outstation,-24.88715,129.06454,,,Unavailable,No population found,,
26,ORRTIPA-THURRA,Minor,-22.78458,136.16829,62,62,Homelands Service Provider Report 2023,BushTel population,,
975,PAKULKI,Family Outstation,-19.50438,134.41846,6,6,Homelands Service Provider Report 2023,BushTel population,,
773,PALM PADDOCK,Family Outstation,-24.08534,132.68126,4,4,Homelands Service Provider Report 2023,BushTel population,,
17470,PALMERSTON,Town,-12.4808,130.9841,,,Unavailable,No population found,,
403,PALMERSTON INDIGENOUS VILLAGE,Town Camp,-12.4881,131.01168,,65,ABS Census 2021 ILOC,ABS exact-name match,ILOC70301306,Palmerston Indigenous Village
369,PANDAYAL,Family Outstation,-13.07478,130.55589,8,8,Homelands Service Provider Report 2023,BushTel population,,
997,PANTHARRPILENHE,Family Outstation,-23.37058,134.78921,4,4,Homelands Service Provider Report 2023,BushTel population,,
854,PANTYINTEME,Family Outstation,-24.45011,133.11207,12,12,Homelands Service Provider Report 2023,BushTel population,,
405,PAPANGALA,Family Outstation,-14.30762,130.02548,12,12,Homelands Service Provider Report 2023,BushTel population,,
131,PAPUNYA,Major,-23.20306,131.9111,514,514,Based on ABS 2021 Census SA1,BushTel population,ILOC70901101,Papunya
281,PARADISE FARM,Family Outstation,-12.9391,132.53271,12,12,Homelands Service Provider Report 2023,BushTel population,,
638,PARNTA,Family Outstation,-18.68438,130.65104,,,Unavailable,No population found,,
40,PARRULYU,Family Outstation,-20.45276,130.90912,,,Unavailable,No population found,,
407,PARU,Family Outstation,-11.74982,130.64642,3,3,Homelands Service Provider Report 2023,BushTel population,,
409,PATONGA (AIRSTRIP),Family Outstation,-12.94826,132.56901,15,15,Homelands Service Provider Report 2023,BushTel population,,
900,PATONGA (HOMESTEAD),Family Outstation,-12.95803,132.58047,10,10,Homelands Service Provider Report 2023,BushTel population,,
926,PAYEPERRENTYE (B),Family Outstation,-23.77074,133.55621,4,4,Homelands Service Provider Report 2023,BushTel population,,
1014,PENYEME,Family Outstation,-22.78725,135.67273,,,Unavailable,No population found,,
410,PEPPIMENARTI,Major,-14.1503,130.0763,223,223,Based on ABS 2021 Census SA1,BushTel population,ILOC70400105,Peppimenarti
406,PERREDERR,Family Outstation,-14.01963,129.82661,61,61,Homelands Service Provider Report 2023,BushTel population,,
859,PERTARRATENGE,Family Outstation,-24.41326,133.31956,24,24,Homelands Service Provider Report 2023,BushTel population,,
927,PERTE THERRE,Family Outstation,-23.75818,133.64573,17,17,Homelands Service Provider Report 2023,BushTel population,,
860,PETYALE,Family Outstation,-21.99972,133.43363,3,3,Homelands Service Provider Report 2023,BushTel population,,
133,PHILLIPSON BORE,Family Outstation,-24.09593,134.43038,6,6,Homelands Service Provider Report 2023,BushTel population,,
604,PICININNY BORE,Family Outstation,-19.82711,129.78279,,,Unavailable,No population found,,
744,PICKERTARAMOOR,Minor,-11.76361,130.89011,,,Unavailable,No population found,,
17626,PINE CREEK,Village,-13.8227,131.8344,373,373,Based on ABS 2021 Census SA1,BushTel population,ILOC70400106,Pine Creek
640,PINE CREEK COMPOUND,Town Camp,-13.81601,131.83106,,,Unavailable,No population found,,
134,PINE HILL,Family Outstation,-22.37949,133.05366,,,Unavailable,No population found,,
255,PINGALA,Family Outstation,-19.0932,133.88269,,,Unavailable,No population found,,
752,PINJA,Family Outstation,-18.80958,130.37095,,,Unavailable,No population found,,
136,PINPIRNGA,Family Outstation,-23.16275,129.46322,,,Unavailable,No population found,,
411,PIRLANGIMPI,Major,-11.4059,130.4172,372,372,Based on ABS 2021 Census SA1,BushTel population,ILOC70400602,Pirlangimpi
138,PMARA JUTUNTA,Major,-22.20878,133.43073,169,169,Based on ABS 2021 Census SA1,BushTel population,ILOC70900305,Pmara Jutunta
701,POLICEMANS HOLE,Family Outstation,-15.77853,129.10654,,,Unavailable,No population found,,
139,PULARDI,Family Outstation,-22.56332,132.37978,40,40,Homelands Service Provider Report 2023,BushTel population,,
730,PUNGALINDUM,Family Outstation,-22.07061,134.68879,33,33,Homelands Service Provider Report 2023,BushTel population,,
840,PUNJARRIJI,Family Outstation,-20.31062,134.50807,,,Unavailable,No population found,,
140,PUNRITJANTA,Family Outstation,-24.67392,129.29393,,,Unavailable,No population found,,
732,PURRUKUWURRU,Family Outstation,-19.94562,135.69629,,,Unavailable,No population found,,
141,PUTA PUTA,Family Outstation,-25.07345,129.64045,,,Unavailable,No population found,,
1020,PUTJAMIRRA,Family Outstation,-11.22457,130.36849,4,4,Homelands Service Provider Report 2023,BushTel population,,
117,PUTULU,Family Outstation,-21.34382,131.36997,,,Unavailable,No population found,,
142,PUYURRU,Family Outstation,-21.33117,130.81753,,,Unavailable,No population found,,
940,PWERTE MARNTE MARNTE,Family Outstation,-24.37338,133.71982,20,20,Homelands Service Provider Report 2023,BushTel population,,
791,PWERTENTYE,Family Outstation,-23.37291,134.79239,,,Unavailable,No population found,,
412,RAILWAY DAM,Town Camp,-12.45404,130.8439,,,Unavailable,No population found,,
550,RAMINGINING,Major,-12.32779,134.93001,956,956,Based on ABS 2021 Census SA1,BushTel population,ILOC70600704,Ramingining
874,RARANGANTJUTA,Family Outstation,-23.98488,133.14814,,,Unavailable,No population found,,
552,RAYMANGIRR,Family Outstation,-12.34031,136.00253,26,26,Homelands Service Provider Report 2023,BushTel population,,
799,RED LILY,Family Outstation,-12.86449,132.56967,5,5,Homelands Service Provider Report 2023,BushTel population,,
5,RED SANDHILL,Family Outstation,-24.00974,132.85279,3,3,Homelands Service Provider Report 2023,BushTel population,,
414,REDCLIFF,Family Outstation,-14.01484,129.70813,27,27,Homelands Service Provider Report 2023,BushTel population,,
641,RITTARANGU,Minor,-14.71011,134.56526,139,139,Based on ABS 2021 Census SA1,BushTel population,ILOC70500403,Rittarangu
258,ROBINSON RIVER,Major,-16.75974,136.98057,211,211,Based on ABS 2021 Census SA1,BushTel population,,
642,ROCKHOLE,Minor,-14.51935,132.18633,108,108,Homelands Service Provider Report 2023,BushTel population,ILOC70500504,Rockhole
144,RODNA,Family Outstation,-23.76213,132.67042,,,Unavailable,No population found,,
469,RORRUWUY,Minor,-12.20292,136.29564,28,28,Homelands Service Provider Report 2023,BushTel population,,
480,RURRANGALA,Family Outstation,-12.90425,136.25382,14,14,Homelands Service Provider Report 2023,BushTel population,,
861,RUTJINGKA,Family Outstation,-23.91581,132.81527,2,2,Homelands Service Provider Report 2023,BushTel population,,
837,SABINA,Family Outstation,-13.8603,129.93195,,,Unavailable,No population found,,
14153168,SALT BORE,Family Outstation,-23.7712,134.52822,4,4,Homelands Service Provider Report 2023,BushTel population,,
988,SANDRIDGE,Family Outstation,-16.04184,136.34854,16,16,Homelands Service Provider Report 2023,BushTel population,,
892,SANDY BAY,Family Outstation,-11.20719,132.58027,4,4,Homelands Service Provider Report 2023,BushTel population,,
24898,SANDY BORE,Family Outstation,-24.5603,132.4995,6,6,Homelands Service Provider Report 2023,BushTel population,,
145,SANTA TERESA,Major,-24.1307,134.3733,708,708,Based on ABS 2021 Census SA1,BushTel population,,
958,SCOTT POINT,Family Outstation,-13.75212,136.84751,,,Unavailable,No population found,,
24902,SNAKE LAGOON,Family Outstation,-16.20322,136.91303,6,6,Homelands Service Provider Report 2023,BushTel population,,
948,SNAKE WELL,Family Outstation,-23.15946,133.91529,19,19,Homelands Service Provider Report 2023,BushTel population,,
262,SOUTH WEST ISLAND,Family Outstation,-15.68902,136.68821,10,10,Homelands Service Provider Report 2023,BushTel population,,
953,SPOTTED TIGER,Family Outstation,-23.04308,134.91761,4,4,Homelands Service Provider Report 2023,BushTel population,,
419,SPRING PEAK,Family Outstation,-12.96266,132.45424,25,25,Homelands Service Provider Report 2023,BushTel population,,
18,SUGAR CREEK,Family Outstation,-23.94974,132.57363,,,Unavailable,No population found,,
1013,TAKAPIMILIYI,Family Outstation,-11.81528,130.80161,2,2,Homelands Service Provider Report 2023,BushTel population,,
264,TARA,Minor,-21.50658,133.99669,73,73,Based on ABS 2021 Census SA1,BushTel population,ILOC70700305,Tara
424,TARACUMBI,Family Outstation,-11.60806,130.71131,,,Unavailable,No population found,,
767,TARAWARA,Family Outstation,-23.54726,131.41338,,,Unavailable,No population found,,
18869,TENNANT CREEK,Town,-19.6478,134.1902,,,Unavailable,No population found,,
18964,TI TREE,Village,-22.1279,133.4171,103,103,Based on ABS 2021 Census SA1,BushTel population,,
306,TIGERS CAMP,Family Outstation,-11.47407,132.77662,,,Unavailable,No population found,,
18974,TIMBER CREEK,Village,-15.6625,130.4804,326,326,Based on ABS 2021 Census SA1,BushTel population,ILOC70500804,Timber Creek
891,TIMOR SPRINGS,Family Outstation,-11.09665,132.57399,,,Unavailable,No population found,,
681,TINKARLI,Town Camp,-19.63724,134.20251,,,Unavailable,No population found,,
62,TINKI,Family Outstation,-23.27331,129.55768,,,Unavailable,No population found,,
148,TITJIKALA,Major,-24.67389,134.07584,230,230,Based on ABS 2021 Census SA1,BushTel population,ILOC70900104,Titjikala
149,TJAMANGKURRA,Family Outstation,-23.9689,132.80529,4,4,Homelands Service Provider Report 2023,BushTel population,,
880,TJAUWATA,Family Outstation,-24.91526,129.12181,,,Unavailable,No population found,,
762,TJINTIRTJINTIRPA,Family Outstation,-23.28522,131.27059,,,Unavailable,No population found,,
267,TJOUNGOURI,Family Outstation,-16.17126,136.04365,,,Unavailable,No population found,,
151,TJULPUNGU,Family Outstation,-21.83419,131.41348,,,Unavailable,No population found,,
152,TJUNTI,Family Outstation,-25.01763,129.40113,,,Unavailable,No population found,,
153,TJUNTINANTA,Family Outstation,-24.85187,129.23084,,,Unavailable,No population found,,
154,TNAWURTA,Family Outstation,-23.9989,132.83835,4,4,Homelands Service Provider Report 2023,BushTel population,,
928,TNERTE,Family Outstation,-23.74715,133.72011,19,19,Homelands Service Provider Report 2023,BushTel population,,
155,TNYIMIPURTA,Family Outstation,-23.88779,132.67113,11,11,Homelands Service Provider Report 2023,BushTel population,,
14153250,TODD RIVER DOWNS,Family Outstation,-24.2584,135.2705,1,1,Homelands Service Provider Report 2023,BushTel population,,
970,TOMMYHAWK SWAMP,Family Outstation,-22.19431,134.59274,4,4,Homelands Service Provider Report 2023,BushTel population,,
30,TOWN BORE,Family Outstation,-23.35473,132.06416,15,15,Homelands Service Provider Report 2023,BushTel population,,
423,TREE POINT,Family Outstation,-12.30839,131.01819,,,Unavailable,No population found,,
649,TURKEY LAGOON,Family Outstation,-14.52938,134.75093,,,Unavailable,No population found,,
785,TURNERS CAMP,Family Outstation,-23.30514,134.06937,24,24,Homelands Service Provider Report 2023,BushTel population,,
929,TWETYE (A),Family Outstation,-23.74034,133.70539,12,12,Homelands Service Provider Report 2023,BushTel population,,
930,TWETYE (B),Family Outstation,-23.74292,133.69633,24,24,Homelands Service Provider Report 2023,BushTel population,,
931,TYWENPE (A),Family Outstation,-23.72634,133.72928,20,20,Homelands Service Provider Report 2023,BushTel population,,
933,TYWENPE (C),Family Outstation,-23.74426,133.68787,24,24,Homelands Service Provider Report 2023,BushTel population,,
934,TYWENPE (D),Family Outstation,-23.7648,133.67226,7,7,Homelands Service Provider Report 2023,BushTel population,,
991,UGUIE,Family Outstation,-15.83006,137.04142,,,Unavailable,No population found,,
159,UKAKA,Family Outstation,-24.59261,132.37395,24,24,Homelands Service Provider Report 2023,BushTel population,,
160,UKATJUPU,Family Outstation,-25.90949,129.10549,,,Unavailable,No population found,,
760,ULAMBARA,Family Outstation,-23.27715,131.92748,8,8,Homelands Service Provider Report 2023,BushTel population,,
705,ULBULLA,Family Outstation,-25.68357,133.19644,,,Unavailable,No population found,,
162,ULPANYALI,Family Outstation,-24.23091,131.50075,17,17,Homelands Service Provider Report 2023,BushTel population,,
772,ULPUNDA,Family Outstation,-23.9546,132.766,11,11,Homelands Service Provider Report 2023,BushTel population,,
1016,ULUPERTE,Family Outstation,-23.76408,135.69544,,,Unavailable,No population found,,
555,UMBAKUMBA,Major,-13.85974,136.81113,492,492,Based on ABS 2021 Census SA1,BushTel population,,
962,UMINYULUK,Family Outstation,-13.83073,130.05311,8,8,Homelands Service Provider Report 2023,BushTel population,,
662,UN-MARR,Family Outstation,-14.06441,129.90879,,,Unavailable,No population found,,
711,UNDOOLYA BORE,Family Outstation,-23.74762,134.11762,24,24,Homelands Service Provider Report 2023,BushTel population,,
166,UNDURANA 1C,Family Outstation,-23.75723,132.12722,2,2,Homelands Service Provider Report 2023,BushTel population,,
985,UNDURANA 2A,Family Outstation,-23.75901,132.10597,6,6,Homelands Service Provider Report 2023,BushTel population,,
156,URLAMPE,Family Outstation,-22.49317,137.74252,20,20,Homelands Service Provider Report 2023,BushTel population,,
24992,URRERMERNE,Family Outstation,-23.9629,134.06913,14,14,Homelands Service Provider Report 2023,BushTel population,,
24,UTILY,Family Outstation,-23.48831,131.87356,8,8,Homelands Service Provider Report 2023,BushTel population,,
271,VILLAGE CAMP,Town Camp,-19.656,134.1842,,,Unavailable,No population found,,
815,WADA WADALLA,Family Outstation,-15.92948,136.42886,3,3,Homelands Service Provider Report 2023,BushTel population,,
214,WADA WARRA,Family Outstation,-15.74902,136.25224,17,17,Homelands Service Provider Report 2023,BushTel population,,
426,WADEYE,Major,-14.2404,129.5205,2259,2259,Based on ABS 2021 Census SA1,BushTel population,ILOC70400502,Wadeye
381,WAIDABOONAR,Family Outstation,-11.93822,132.78225,,,Unavailable,No population found,,
14188734,WAJU,Family Outstation,-25.99241,133.46187,,,Unavailable,No population found,,
908,WAKURLPU,Family Outstation,-20.63229,134.21688,10,10,Homelands Service Provider Report 2023,BushTel population,,
983,WALANGURRMINY,Family Outstation,-12.97482,130.77614,11,11,Homelands Service Provider Report 2023,BushTel population,,
556,WALDNARR,Family Outstation,-13.76563,135.80531,10,10,Homelands Service Provider Report 2023,BushTel population,,
291,WALKA,Family Outstation,-11.17957,132.58843,,,Unavailable,No population found,,
720,WALKABOUT BORE,Family Outstation,-24.38261,133.81687,23,23,Homelands Service Provider Report 2023,BushTel population,,
750,WALKALBA,Family Outstation,-22.16249,131.81991,,,Unavailable,No population found,,
174,WALLACE ROCKHOLE,Major,-24.1245,133.0863,102,102,Based on ABS 2021 Census SA1,BushTel population,ILOC70901404,Wallace Rockhole
24903,WALLACES LAGOON,Family Outstation,-16.12267,136.6356,3,3,Homelands Service Provider Report 2023,BushTel population,,
606,WALPIRI,Town Camp,-14.47361,132.2693,,,Unavailable,No population found,,
748,WALU,Family Outstation,-24.73711,129.52559,,,Unavailable,No population found,,
176,WALYTJATJATA,Family Outstation,-25.97667,129.46583,,,Unavailable,No population found,,
428,WAMINARI,Family Outstation,-11.76861,133.39754,,,Unavailable,No population found,,
890,WANAKUTJA,Family Outstation,-11.10539,132.51106,,,Unavailable,No population found,,
119,WANARKULA,Family Outstation,-25.99663,131.58803,,,Unavailable,No population found,,
256,WANDANGULA,Minor,-16.05477,136.34558,39,39,Homelands Service Provider Report 2023,BushTel population,,
557,WANDAWUY,Family Outstation,-12.89147,136.35636,84,84,Homelands Service Provider Report 2023,BushTel population,,
690,WANGALINJI,Family Outstation,-18.39639,137.46692,,,Unavailable,No population found,,
177,WANGKARI,Family Outstation,-25.13169,129.01933,,,Unavailable,No population found,,
178,WANMARRA,Family Outstation,-24.38841,131.80347,14,14,Homelands Service Provider Report 2023,BushTel population,,
652,WANMARRI,Family Outstation,-14.45401,135.22691,,,Unavailable,No population found,,
19471,WARBY,Family Outstation,-16.1531,136.7344,,,Unavailable,No population found,,
998,WARLPEYANGKRERE,Family Outstation,-22.54894,136.99175,,,Unavailable,No population found,,
179,WARREN CREEK,Family Outstation,-23.26572,131.17868,6,6,Homelands Service Provider Report 2023,BushTel population,,
429,WARRUWI,Major,-11.64896,133.38935,507,507,Based on ABS 2021 Census SA1,BushTel population,ILOC70400406,Warruwi
180,WARUMPI,Family Outstation,-23.1851,131.97514,6,6,Homelands Service Provider Report 2023,BushTel population,,
877,WATARU,Family Outstation,-24.85858,129.05936,7,7,Homelands Service Provider Report 2023,BushTel population,,
889,WATDAGAWUY,Family Outstation,-11.93961,135.70074,,,Unavailable,No population found,,
385,WAUK,Family Outstation,-11.54863,132.92501,,,Unavailable,No population found,,
181,WAYILILINYPA,Family Outstation,-22.50196,131.44669,,,Unavailable,No population found,,
654,WEEMOL,Minor,-13.64418,134.30863,109,109,Based on ABS 2021 Census SA1,BushTel population,ILOC70500309,Weemol
182,WELERE,Family Outstation,-22.02194,135.19169,6,6,Homelands Service Provider Report 2023,BushTel population,,
183,WELMALA,Family Outstation,-25.68278,133.26116,,,Unavailable,No population found,,
655,WERENBUN,Family Outstation,-14.18255,132.1611,20,20,Homelands Service Provider Report 2023,BushTel population,,
708,WERRE-THERRE,Family Outstation,-23.54265,133.63473,2,2,Homelands Service Provider Report 2023,BushTel population,,
274,WEST ISLAND,Family Outstation,-15.64251,136.50235,8,8,Homelands Service Provider Report 2023,BushTel population,,
185,WEST WATERHOUSE,Family Outstation,-23.99573,133.11339,10,10,Homelands Service Provider Report 2023,BushTel population,,
431,WIGU,Family Outstation,-11.61353,133.43225,,,Unavailable,No population found,,
952,WIITIN,Family Outstation,-19.54493,134.23657,7,7,Homelands Service Provider Report 2023,BushTel population,,
432,WILGI,Family Outstation,-11.49601,132.74947,40,40,Homelands Service Provider Report 2023,BushTel population,,
786,WILLIAMS WELL,Family Outstation,-23.67327,134.27874,9,9,Homelands Service Provider Report 2023,BushTel population,,
186,WILLOWRA,Major,-21.24446,132.6139,261,261,Based on ABS 2021 Census SA1,BushTel population,ILOC70901501,Willowra
187,WILORA,Minor,-21.7411,133.7311,69,69,Based on ABS 2021 Census SA1,BushTel population,ILOC70900306,Wilora
751,WINPARKU,Family Outstation,-23.43465,131.46172,,,Unavailable,No population found,,
259,WOGYALA,Family Outstation,-19.00617,135.17821,40,40,Homelands Service Provider Report 2023,BushTel population,,
21479,WOLLAGALONNG OUTSTATION,Family Outstation,-21.36721,133.4395,,,Unavailable,No population found,,
275,WOLLOGORANG,Family Outstation,-17.21828,137.98884,2,2,Homelands Service Provider Report 2023,BushTel population,,
434,WOODYCUPALDIYA,Minor,-13.85926,130.00115,35,35,Homelands Service Provider Report 2023,BushTel population,,
697,WOOLANING,Family Outstation,-13.10521,130.6589,4,4,Homelands Service Provider Report 2023,BushTel population,,
715,WOOLIANA,Family Outstation,-13.67483,130.64275,11,11,Homelands Service Provider Report 2023,BushTel population,,
778,WUDADUK,Family Outstation,-14.02771,129.94375,6,6,Homelands Service Provider Report 2023,BushTel population,,
435,WUDAPULI,Family Outstation,-14.21351,129.85315,54,54,Homelands Service Provider Report 2023,BushTel population,,
581,WUGULARR,Major,-14.5548,133.1142,636,636,Based on ABS 2021 Census SA1,BushTel population,,
995,WULABURRI,Family Outstation,-16.4064,136.84162,,,Unavailable,No population found,,
838,WULKABIMIRRI,Family Outstation,-12.35538,134.90591,35,35,Homelands Service Provider Report 2023,BushTel population,,
563,WUMAJBARR,Family Outstation,-14.16648,135.69241,8,8,Homelands Service Provider Report 2023,BushTel population,,
937,WUMIRDIN,Family Outstation,-14.18907,129.56319,,,Unavailable,No population found,,
707,WUNARA,Family Outstation,-19.9898,136.6181,8,8,Homelands Service Provider Report 2023,BushTel population,,
564,WUNBURRI,Family Outstation,-11.59498,136.07853,,,Unavailable,No population found,,
996,WUNDIGALLA,Family Outstation,-16.47557,137.04307,4,4,Homelands Service Provider Report 2023,BushTel population,,
684,WUPPA,Town Camp,-19.63696,134.19918,,,Unavailable,No population found,,
868,WURANKUWU,Minor,-11.61652,130.27763,35,35,Homelands Service Provider Report 2023,BushTel population,,
437,WURDEJA,Family Outstation,-12.17057,134.66085,35,35,Homelands Service Provider Report 2023,BushTel population,,
817,WURLBU,Family Outstation,-16.07464,136.28415,5,5,Homelands Service Provider Report 2023,BushTel population,,
565,WURRUMENBUMANJA,Family Outstation,-14.13779,136.51557,20,20,Homelands Service Provider Report 2023,BushTel population,,
400,WURRUMIYANGA,Major,-11.75831,130.63747,1668,1668,Based on ABS 2021 Census SA1,BushTel population,,
548,WURWULA,Family Outstation,-11.97646,136.30349,,,Unavailable,No population found,,
227,WUTUNUGURRA,Major,-20.46156,135.25241,168,168,Based on ABS 2021 Census SA1,BushTel population,ILOC70700602,Wutunugurra
567,WUYAGIBA,Family Outstation,-14.62149,135.52036,20,20,Homelands Service Provider Report 2023,BushTel population,,
984,YAKALA,Family Outstation,-23.88668,132.6639,7,7,Homelands Service Provider Report 2023,BushTel population,,
864,YALUKUN,Family Outstation,-12.26251,136.00585,9,9,Homelands Service Provider Report 2023,BushTel population,,
573,YANBAKWA,Family Outstation,-14.21668,136.45613,29,29,Homelands Service Provider Report 2023,BushTel population,,
218,YANGULINYINA,Family Outstation,-16.88886,137.20896,13,13,Homelands Service Provider Report 2023,BushTel population,,
569,YANUNGBI,Family Outstation,-12.27975,136.65787,6,6,Homelands Service Provider Report 2023,BushTel population,,
278,YANYULA,Town Camp,-16.0613,136.3083,,119,ABS Census 2021 ILOC,ABS exact-name match,ILOC70500103,Yanyula
658,YARRALIN,Major,-16.44841,130.88279,332,332,Based on ABS 2021 Census SA1,BushTel population,ILOC70500903,Yarralin
939,YARTALU YARTALU,Family Outstation,-20.57253,130.35528,,,Unavailable,No population found,,
194,YATEMANS BORE,Family Outstation,-23.68622,131.61441,,,Unavailable,No population found,,
571,YATHALAMARRA,Minor,-12.27446,134.92196,77,77,Homelands Service Provider Report 2023,BushTel population,,
191,YATJALU,Family Outstation,-22.40643,131.16216,,,Unavailable,No population found,,
719,YEDERR,Family Outstation,-14.01965,129.72201,,,Unavailable,No population found,,
572,YEDIKBA,Family Outstation,-14.08056,136.45703,8,8,Homelands Service Provider Report 2023,BushTel population,,
797,YIKARRAKKAL,Family Outstation,-12.50363,134.1114,10,10,Homelands Service Provider Report 2023,BushTel population,,
303,YILAN,Family Outstation,-12.04251,134.62196,30,30,Homelands Service Provider Report 2023,BushTel population,,
898,YILILA,Family Outstation,-13.68204,135.91308,7,7,Homelands Service Provider Report 2023,BushTel population,,
574,YIMIDARRA,Family Outstation,-14.21752,135.56463,15,15,Homelands Service Provider Report 2023,BushTel population,,
659,YINGUWUNARRI,Family Outstation,-16.60891,131.82362,,,Unavailable,No population found,,
999,YINYIKAY,Family Outstation,-12.21024,136.22921,13,13,Homelands Service Provider Report 2023,BushTel population,,
195,YINYIRIPALANGU,Family Outstation,-22.21046,130.20558,,,Unavailable,No population found,,
1002,YIRRA BANDOO,Family Outstation,-12.57293,131.02238,,,Unavailable,No population found,,
575,YIRRINGA,Family Outstation,-11.64538,136.02578,,,Unavailable,No population found,,
576,YIRRKALA,Major,-12.25279,136.89168,771,771,Based on ABS 2021 Census SA1,BushTel population,ILOC70600801,Yirrkala
672,YUDU YUDU,Family Outstation,-12.23335,136.63724,14,14,Homelands Service Provider Report 2023,BushTel population,,
197,YUELAMU,Major,-22.25835,132.20557,175,175,Based on ABS 2021 Census SA1,BushTel population,ILOC70901601,Yuelamu
198,YUENDUMU,Major,-22.25389,131.79529,869,869,Based on ABS 2021 Census SA1,BushTel population,,
20026,YULARA,Town,-25.24133,130.98766,,,Unavailable,No population found,,
863,YULARA PULKA,Family Outstation,-25.25455,130.89108,5,5,Homelands Service Provider Report 2023,BushTel population,,
1010,YULBARA,Family Outstation,-15.7777,136.9997,,,Unavailable,No population found,,
200,YUMURRPA,Family Outstation,-21.62731,130.78047,,,Unavailable,No population found,,
196,YUWALKI,Family Outstation,-23.56347,129.53922,,,Unavailable,No population found,,
123,YUWERLI,Family Outstation,-22.03566,131.65064,,,Unavailable,No population found,,
