priority_rank,community_id,community_name,population_final,mobile_need,nbn_need,nearest_mobile_site_distance_km,distance_community_to_wifi_km,priority_score
1,16222,NHULUNBUY,3362.0,0,0,0.62,7.94,0.5010291460006399
2,362,MANINGRIDA,2956.0,0,1,0.93,82.5,0.46635798926713556
3,25070,BATTON HILL,2.0,1,1,141.08,214.83,0.4383227794427561
4,259,WOGYALA,40.0,1,1,100.89,294.89,0.4210839886659327
5,26,ORRTIPA-THURRA,62.0,1,1,127.83,140.63,0.41308939598761846
6,492,GALIWINKU,2582.0,0,1,0.21,47.14,0.40077694146024706
7,248,MUNGALAWURRU,15.0,1,1,64.54,304.62,0.3801237496554862
8,639,NITJPURRU,142.0,1,1,54.21,275.24,0.3798687096942697
9,279,ACACIA LARRAKIA,799.0,1,1,15.67,56.11,0.3771276708292432
10,858,MURRANJI,4.0,1,1,66.41,253.22,0.3669563852530782
11,376,MALGAWA,12.0,1,1,93.51,123.34,0.3635053721330934
12,1019,BURUDU,4.0,1,1,54.17,289.37,0.3631007515371721
13,905,KURNTAPURRA,24.0,1,1,57.21,252.61,0.35968053248467463
14,91,LITTLE WELL,6.0,1,1,97.12,97.17,0.35965411251471163
15,1007,KABULWARNAMYO,4.0,1,1,89.35,127.13,0.35876331656311444
16,288,ARARU POINT,7.0,1,1,76.11,175.67,0.35753159007205826
17,907,NGURRARA,10.0,1,1,54.58,249.39,0.35387246284806956
18,426,WADEYE,2259.0,0,1,0.05,48.23,0.35300429720978177
19,14153250,TODD RIVER DOWNS,1.0,1,1,91.83,91.85,0.3517109280606552
20,722,KIANA,15.0,1,1,78.89,130.98,0.3499515286330965
21,24996,LILY HOLE,6.0,1,1,38.64,302.23,0.3497813291291452
22,990,MOOLOOWA,5.0,1,1,88.31,89.26,0.3477628121529566
23,622,AMANBIDJI,88.0,1,1,38.61,248.14,0.3476087564571812
24,20,AREYONGA,277.0,1,1,47.67,103.55,0.3473385061671788
25,709,ILPERLE,3.0,1,1,79.84,122.2,0.346892720557255
26,355,MAMADAWERRE,75.0,1,1,65.74,138.18,0.34634231747226113
27,458,BANIYALA,146.0,1,1,64.92,88.82,0.3429236078879992
28,156,URLAMPE,20.0,1,1,34.05,275.54,0.3397736204935533
29,839,NGUYARRAMINI,25.0,1,1,52.69,195.2,0.33970272025981535
30,557,WANDAWUY,84.0,1,1,73.88,72.27,0.33917441047282587
31,159,UKAKA,24.0,1,1,59.99,161.55,0.338658526454478
32,24898,SANDY BORE,6.0,1,1,61.12,162.39,0.3374500522562685
33,721,LIKKAPARTA,1.0,1,1,36.11,267.11,0.336985688860178
34,1011,BABUNGI,8.0,1,1,79.71,80.45,0.3364567231930225
35,24989,IRROWA,9.0,1,1,57.38,163.82,0.33417516384035145
36,24990,ILJITJARRI,5.0,1,1,58.76,159.4,0.3339258674295811
37,579,BARRAPUNTA,1.0,1,1,79.56,73.34,0.3333753912178953
38,516,GURKAWUY,9.0,1,1,73.35,87.16,0.33141035863868185
39,359,MANDILBARRENG,8.0,1,1,57.62,146.02,0.32958519039898465
40,316,GAMARGAWAN,12.0,1,1,68.13,99.02,0.3292706830835587
41,308,GUMERAGI,7.0,1,1,44.71,198.87,0.3292611729439737
42,670,DJARRUNG,2.0,1,1,74.46,76.97,0.3288954365969398
43,554,DHURUPUTJPI,12.0,1,1,73.46,73.34,0.32832290653782453
44,466,BUKUDAL,16.0,1,1,67.97,83.87,0.32568413812301295
45,938,BARRARATJPI,23.0,1,1,66.18,84.36,0.3248902608293527
46,1022,10 MILE,8.0,1,1,52.54,147.31,0.32436041698159396
47,363,MANMOYI,81.0,1,1,55.54,91.84,0.3238085478305288
48,1023,ARKANTA,12.0,1,1,51.81,135.79,0.32110880618646515
49,463,BAYGURRTJI,2.0,1,1,73.1,52.2,0.3208585079583745
50,498,GAN GAN,78.0,1,1,62.23,54.12,0.32072379339505974
51,456,BALMA,11.0,1,1,70.47,57.17,0.3206249139277894
52,822,KURRAYA,1.0,1,1,30.14,224.38,0.31915101168143006
53,480,RURRANGALA,14.0,1,1,66.12,65.98,0.3186322872454886
54,24901,CRABHOLE,2.0,1,1,61.58,86.14,0.31720759879609084
55,345,KOLORBIDAHDAH,14.0,1,1,62.86,72.62,0.31681557894927403
56,13,ANGAS DOWNS,2.0,1,1,31.57,206.96,0.3162617624303652
57,482,DJARRAKPI,29.0,1,1,56.57,77.08,0.3133267461269783
58,24902,SNAKE LAGOON,6.0,1,1,62.16,66.41,0.3132212825130676
59,464,BIRANY BIRANY,16.0,1,1,59.61,71.15,0.31316279923935275
60,360,MANKORLOD,26.0,1,1,56.84,76.0,0.3128923542222776
61,899,MARRKALAWA,10.0,1,1,57.45,80.4,0.3123515977624952
62,567,WUYAGIBA,20.0,1,1,44.81,123.81,0.31145910967034174
63,244,MUNGKARTA,55.0,1,1,25.43,181.45,0.31064956478872136
64,641,RITTARANGU,139.0,1,1,18.2,156.87,0.3086847676277529
65,797,YIKARRAKKAL,10.0,1,1,51.51,90.73,0.3085739321000951
66,1012,CONDER POINT,8.0,1,1,49.31,99.36,0.30814804403237145
67,830,MILMILNGKAN,27.0,1,1,52.05,76.96,0.3080463402167021
68,1,ADELAIDE BORE,14.0,1,1,53.06,79.31,0.3078467567342968
69,816,MANANGOORA,2.0,1,1,59.28,59.23,0.3075751734962574
70,768,CAMELS HUMP,3.0,1,1,56.15,68.93,0.30685792763592107
71,262,SOUTH WEST ISLAND,10.0,1,1,57.56,58.83,0.30677100800915275
72,714,ALKUPTIJA,31.0,1,1,51.01,73.36,0.30654840190316607
73,449,ANDANANGKI,10.0,1,1,50.74,85.8,0.3064272729296845
74,597,GILWI,86.0,1,1,15.64,184.32,0.3052778612936427
75,257,BUJAN,4.0,1,1,55.52,64.99,0.3052745710412778
76,505,GARRTHALALA,54.0,1,1,49.09,62.44,0.3049683829278482
77,951,MENNGEN,43.0,1,1,32.84,135.2,0.30476484380308566
78,870,KATJUTARI,4.0,1,1,54.61,60.57,0.3031093223179817
79,585,BUBBLE BUBBLE,10.0,1,1,22.47,190.21,0.30305052649440534
80,76,KULPITHARRA,2.0,1,1,54.76,60.41,0.30293487129558183
81,590,COSTELLO,2.0,1,1,24.78,181.98,0.30222013385522395
82,118,MULGA BORE,46.0,1,1,46.35,65.14,0.3014940073075177
83,328,GUMARRIRNBANG,31.0,1,1,39.7,101.08,0.30148358098564193
84,632,NULAWAN,4.0,1,1,22.16,187.52,0.30111038615563673
85,627,MOLE HILL,2.0,1,1,46.83,84.94,0.3007300926411982
86,473,DHALINYBUY,117.0,1,1,41.21,40.82,0.2999604898838713
87,577,BADAWARRKA,3.0,1,1,31.36,143.71,0.2994625012099813
88,950,FITZROY STATION,12.0,1,1,21.71,177.51,0.2991576603775207
89,24897,DOUBLE D,1.0,1,1,52.33,55.43,0.2988080219014605
90,871,LUNTHARRA,1.0,1,1,50.53,60.77,0.2982473136749395
91,903,HATCHES CREEK,1.0,1,1,43.07,90.27,0.29787108165179826
92,298,BOLKDJAM,50.0,1,1,44.62,55.88,0.29774411481412594
93,302,BULUHKADURU,32.0,1,1,46.85,55.98,0.29754523095397034
94,986,BUDJANGA,8.0,1,1,51.31,50.75,0.2974913004868917
95,373,MIKGINJ VALLEY,12.0,1,1,13.93,201.91,0.2970828641944988
96,854,PANTYINTEME,12.0,1,1,36.29,108.29,0.29683639478834134
97,274,WEST ISLAND,8.0,1,1,50.3,51.96,0.29670454000825325
98,851,MALLARRAMI,9.0,1,1,49.25,52.19,0.29576318591228806
99,326,KAKODBABULDI,20.0,1,1,39.99,84.06,0.2956720266289792
100,517,GURRUMURU,44.0,1,1,47.5,37.41,0.2951282213196893
101,985,UNDURANA 2A,6.0,1,1,45.75,64.97,0.2948616198937487
102,556,WALDNARR,10.0,1,1,42.59,74.75,0.29457740654509146
103,139,PULARDI,40.0,1,1,35.61,85.95,0.2943378115948456
104,218,YANGULINYINA,13.0,1,1,27.98,132.42,0.29425781125208444
105,1018,ILPURLA,6.0,1,1,28.91,132.25,0.2941940370234777
106,485,DONYDJI,39.0,1,1,56.22,0.05,0.2940662138996678
107,775,DELEYE,31.0,1,1,44.93,50.78,0.29391899817343664
108,1017,KEWULYI,16.0,1,1,33.58,104.6,0.293484989937883
109,212,BAUHINIA DOWNS,11.0,1,1,37.52,90.86,0.29342887496902575
110,250,IMANGARA,79.0,1,1,28.94,88.0,0.29335371547972106
111,166,UNDURANA 1C,2.0,1,1,43.7,65.49,0.29216003811392377
112,999,YINYIKAY,13.0,1,1,50.34,28.5,0.29128897710329477
113,619,MARRALUM,18.0,1,1,19.6,151.15,0.2907682839556318
114,529,MATAMATA,7.0,1,1,47.47,41.33,0.2906461081752915
115,776,KUWUMA,1.0,1,1,38.45,81.85,0.2905838681782765
116,868,WURANKUWU,35.0,1,1,28.29,104.5,0.29047954067587706
117,15,INDARINGINYA,41.0,1,1,45.92,27.52,0.29033839270315026
118,275,WOLLOGORANG,2.0,1,1,4.57,220.0,0.29012669440721905
119,535,MIRRNATJA,7.0,1,1,46.69,39.69,0.28935806371800293
120,948,SNAKE WELL,19.0,1,1,39.54,59.3,0.28848649957422073
121,855,MT EAGLEBEAK,24.0,1,1,26.82,108.92,0.28840644956733397
122,713,BURT CREEK,37.0,1,1,37.04,57.81,0.2880221800012615
123,769,ALKNGARRIINTJA,8.0,1,1,30.32,100.91,0.28775197057708096
124,785,TURNERS CAMP,24.0,1,1,41.28,45.82,0.2875712704565677
125,629,MOUNT CATT,12.0,1,1,17.34,151.09,0.28738682031033236
126,469,RORRUWUY,28.0,1,1,43.1,35.26,0.287367215677904
127,479,DHUPUWAMIRRI,6.0,1,1,48.26,26.2,0.2873644239629131
128,12,ANGULA,6.0,1,1,36.46,72.87,0.286771373669249
129,45,ILKARRALALAMA,2.0,1,1,29.72,101.86,0.2864561799837636
130,996,WUNDIGALLA,4.0,1,1,32.02,90.58,0.286291215431397
131,967,KUMURRULU,15.0,1,1,29.72,93.32,0.2861262738071076
132,102,MBUNGHARA,42.0,1,1,36.46,46.96,0.2852602496207797
133,703,IRRERLIRRE,40.0,1,1,24.72,96.33,0.28515006160966605
134,1004,10 MILE OUTSTATION,10.0,1,1,29.12,94.88,0.285139962778328
135,792,BARRIDJOWKENG,2.0,1,1,33.17,81.74,0.28491819352010483
136,803,BUYMARR,6.0,1,1,39.27,53.97,0.28485464775581537
137,911,FOSSIL HEAD,34.0,1,1,33.08,59.53,0.28369339231997237
138,811,BAGHETTI,2.0,1,1,16.41,145.5,0.28340789839456887
139,524,MAPURU,81.0,1,1,28.91,48.66,0.28321950379952665
140,523,MALNJANGARNAK,9.0,1,1,40.51,40.52,0.28310303553074345
141,340,JI-MARDA,55.0,1,1,32.88,45.52,0.28288461933453674
142,964,MU-GURTA,12.0,1,1,37.7,46.21,0.2819730189990339
143,910,ARRUNGKEE,10.0,1,1,27.93,87.07,0.2817719399478036
144,898,YILILA,7.0,1,1,32.91,67.9,0.2817165815938828
145,508,GAWA,19.0,1,1,47.25,0.1,0.28128671010187034
146,311,JI-BENA,29.0,1,1,33.61,48.17,0.2805302777272129
147,434,WOODYCUPALDIYA,35.0,1,1,34.16,40.49,0.27999249967893425
148,852,ALICE WELL,6.0,1,1,27.43,84.62,0.27998357056803586
149,41,HAASTS BLUFF,96.0,1,1,28.84,27.29,0.27971834667032314
150,962,UMINYULUK,8.0,1,1,36.33,44.47,0.27941912176607897
151,303,YILAN,30.0,1,1,32.52,45.99,0.27890811849899894
152,319,GOCHAN JINY JIRRA,33.0,1,1,29.38,53.05,0.2777786495964113
153,860,PETYALE,3.0,1,1,14.92,129.74,0.27775820018294434
154,285,ANKABADBIRRI,18.0,1,1,30.4,55.74,0.2773833824661549
155,406,PERREDERR,61.0,1,1,31.46,27.16,0.27736567607286855
156,214,WADA WARRA,17.0,1,1,34.36,36.2,0.2764092062833046
157,457,BANTHULA,24.0,1,1,39.61,9.15,0.27604944447445234
158,1005,ILEPARRATYE,9.0,1,1,12.47,130.06,0.27604803189288796
159,24903,WALLACES LAGOON,3.0,1,1,36.03,35.6,0.2760047708807442
160,56,INTJARTNAMA,16.0,1,1,18.29,101.83,0.27600088869720596
161,414,REDCLIFF,27.0,1,1,32.25,36.24,0.2755905499868936
162,789,OAK VALLEY,4.0,1,1,31.06,53.03,0.2753146864931562
163,909,FOXALLS WELL,8.0,1,1,16.04,112.44,0.2751540353643847
164,182,WELERE,6.0,1,1,41.01,9.36,0.2749702730510939
165,92,LTIRA,16.0,1,1,16.44,103.42,0.27439424745365654
166,22,ARTEKERR,26.0,1,1,32.95,28.77,0.2742348539109833
167,338,JI-BALBAL,12.0,1,1,33.47,33.59,0.27400300532619404
168,321,GORRONG-GORRONG,6.0,1,1,29.72,52.24,0.27393426246507596
169,63,IRRULTJA,45.0,1,1,36.56,0.17,0.2734476311099525
170,728,CAMEL CAMP,39.0,1,1,30.86,26.52,0.27327760273309454
171,88,LILLA,9.0,1,1,10.74,125.94,0.27306367014611754
172,400,WURRUMIYANGA,1668.0,0,1,0.22,76.26,0.272982070770934
173,24,UTILY,8.0,1,1,33.46,31.91,0.27295500442205256
174,888,BARRKIRA,13.0,1,1,31.95,34.91,0.2728348065737778
175,501,MOORONGA,13.0,1,1,28.69,48.06,0.2727387385178094
176,484,DJURRANALPI,1.0,1,1,38.91,10.32,0.27218195352122065
177,859,PERTARRATENGE,24.0,1,1,16.24,91.22,0.27213659280818614
178,793,JI-MALAWA,50.0,1,1,25.7,35.95,0.27174741461465984
179,315,GAMARDI,55.0,1,1,27.1,27.22,0.27171513549234155
180,23,ATNWENGERRPE,30.0,1,1,33.01,16.19,0.2715686141413953
181,437,WURDEJA,35.0,1,1,27.58,33.89,0.27103891786008205
182,972,COW LAGOON,6.0,1,1,29.5,41.1,0.2707488440853455
183,790,MOUNT PEACHY,4.0,1,1,25.45,58.81,0.2706959761257536
184,237,KANGAROO ISLAND,10.0,1,1,30.98,32.05,0.27057138379074197
185,936,KUDANTIGA,9.0,1,1,23.17,62.42,0.2698933813084452
186,765,NGANKIRITJA,10.0,1,1,30.76,29.22,0.26958235871307695
187,726,INKAWENYERRE,43.0,1,1,30.54,8.68,0.26880477267668906
188,884,MULINGI,8.0,1,1,29.2,32.89,0.2685467009555704
189,720,WALKABOUT BORE,23.0,1,1,19.77,63.13,0.2684314746595103
190,100,OLD STATION,2.0,1,1,12.28,105.9,0.26841643654938213
191,864,YALUKUN,9.0,1,1,34.63,8.67,0.2682426267522655
192,773,PALM PADDOCK,4.0,1,1,6.78,125.72,0.26792562211102533
193,997,PANTHARRPILENHE,4.0,1,1,14.1,94.54,0.26770443168940095
194,392,NANGAK,14.0,1,1,18.29,71.13,0.2675901516445579
195,965,DJINKARR,10.0,1,1,18.9,69.78,0.26730865411590693
196,5,RED SANDHILL,3.0,1,1,10.78,106.67,0.2671247811278165
197,300,BULGUL,21.0,1,1,9.25,99.12,0.2661215071952255
198,499,GANPURA,5.0,1,1,31.06,17.25,0.2660060249912485
199,512,GULMARRI,5.0,1,1,30.45,19.7,0.2659852519499932
200,185,WEST WATERHOUSE,10.0,1,1,14.55,80.88,0.26547653463704596
201,2,ALYUEN,12.0,1,1,2.82,127.61,0.26527254018170743
202,953,SPOTTED TIGER,4.0,1,1,7.85,110.67,0.2651201071246732
203,723,GOOLMINYINI,29.0,1,1,25.14,24.41,0.26497046896027016
204,441,ALHARRGAN,6.0,1,1,19.91,55.75,0.2641139870132371
205,729,ATHELEY,88.0,1,1,21.06,3.58,0.26374171126964124
206,24899,BLACK ROCK LANDING,4.0,1,1,26.38,27.39,0.2634103650956778
207,24993,20 MILE,6.0,1,1,26.11,25.84,0.26300137677757696
208,24995,ATNARPA,8.0,1,1,12.83,79.65,0.2629704727466684
209,993,GARRINJINNY,8.0,1,1,8.47,97.31,0.2628612527099009
210,693,ALATYEYE,3.0,1,1,14.52,73.04,0.26233373229639756
211,552,RAYMANGIRR,26.0,1,1,28.2,0.08,0.26144770225411057
212,1015,ATJI CREEK,10.0,1,1,24.0,23.11,0.2605610765522838
213,30,TOWN BORE,15.0,1,1,23.22,23.11,0.2604477566859251
214,14153168,SALT BORE,4.0,1,1,19.91,43.0,0.260447565215953
215,786,WILLIAMS WELL,9.0,1,1,20.68,36.4,0.2602880224083162
216,470,BURRUM,13.0,1,1,27.48,5.78,0.2602381322314846
217,711,UNDOOLYA BORE,24.0,1,1,22.65,18.56,0.2599549267349208
218,329,GUNBALANYA,1354.0,0,1,0.07,203.3,0.2598441508882581
219,955,DHANIYA,9.0,1,1,19.76,37.12,0.2594703568227895
220,940,PWERTE MARNTE MARNTE,20.0,1,1,10.47,69.31,0.2594309073786388
221,761,AMUNDURNGUA,10.0,1,1,15.04,50.21,0.25790708296622966
222,1013,TAKAPIMILIYI,2.0,1,1,11.0,66.98,0.2567272095182528
223,970,TOMMYHAWK SWAMP,4.0,1,1,22.33,17.06,0.25624282593803305
224,27,ATNELTYEY,51.0,1,1,17.81,8.89,0.25609910137598024
225,778,WUDADUK,6.0,1,1,20.66,21.75,0.2559492523635619
226,462,BAWAKA,9.0,1,1,17.22,34.32,0.2559474316152235
227,565,WURRUMENBUMANJA,20.0,1,1,19.06,18.31,0.2553625795764618
228,435,WUDAPULI,54.0,1,1,15.61,12.37,0.2550532916271019
229,24991,ALYARPERE,4.0,1,1,12.45,48.65,0.25376760512370694
230,44,GREEN VALLEY,2.0,1,1,19.45,18.44,0.25315569131349436
231,919,ARRILLHJERE,2.0,1,1,17.14,24.46,0.25221594781140616
232,475,DHAMIYAKA,2.0,1,1,17.93,17.85,0.25133441356300434
233,727,IYLENTYE,33.0,1,1,12.22,10.02,0.2476047361029256
234,717,MERREPEN,26.0,1,1,14.32,0.08,0.24624055081244667
235,960,ANGWURA,8.0,1,1,11.63,11.65,0.24368283998244106
236,572,YEDIKBA,8.0,1,1,11.06,10.98,0.2428812529446232
237,730,PUNGALINDUM,33.0,1,1,9.15,0.14,0.2416298389868762
238,530,MAWULYUMANJA,9.0,1,1,9.76,9.79,0.2412906785198083
239,633,NGUKURR,1277.0,0,1,0.22,174.97,0.2411052540959664
240,759,5 MILE BORE,24.0,1,1,7.67,8.21,0.2408070174798834
241,609,LAJAMANU,767.0,0,1,0.66,455.27,0.2400640587981861
242,531,MILINGIMBI,1288.0,0,1,2.37,25.04,0.20546401524826577
243,13836,JABIRU,886.0,0,0,0.64,211.2,0.1877018575243329
244,603,KALKARINDJI,450.0,0,1,0.59,356.16,0.16679594571680653
245,198,YUENDUMU,869.0,0,1,0.44,106.21,0.16268565035888452
246,451,ANGURUGU,1037.0,0,1,2.09,0.06,0.1613435608256704
247,624,MINYERRI,763.0,0,1,0.1,127.58,0.15224666032692863
248,550,RAMINGINING,956.0,0,1,0.4,0.29,0.14754433710827264
249,72,KINTORE,493.0,0,1,0.31,257.8,0.1468667533888705
250,549,NUMBULWAR,799.0,0,1,0.07,84.41,0.14614072454718305
251,12641,ELLIOTT,337.0,0,1,0.46,336.45,0.1446915279994851
252,203,ALPURRURULAM,411.0,0,1,0.33,281.79,0.14107272147720976
253,11092,BORROLOOLA,886.0,0,1,1.56,0.3,0.13844024519237777
254,591,DAGURAGU,230.0,0,1,5.3,352.69,0.1384236809914835
255,66,KALTUKATJARA,269.0,0,1,0.41,342.32,0.1361070854044288
256,43,HERMANNSBURG,647.0,0,1,0.2,112.39,0.13114414669775332
257,429,WARRUWI,507.0,0,1,0.51,183.58,0.12954452195859667
258,500,GAPUWIYAK,828.0,0,1,0.25,0.07,0.12834557342898098
259,120,MUTITJULU,348.0,0,1,0.42,253.76,0.12442290982845373
260,658,YARRALIN,332.0,0,1,0.16,255.88,0.12232634681835103
261,10270,ALYANGULA,751.0,0,1,0.3,15.28,0.12100505297777311
262,432,WILGI,40.0,0,1,43.18,230.09,0.11935364290645564
263,576,YIRRKALA,771.0,0,0,0.49,0.2,0.114719688100429
264,976,BUNI-INWUNBULUK,10.0,0,1,39.71,242.03,0.11426011954847219
265,375,MINJILANG,311.0,0,1,0.59,234.5,0.11403327769647109
266,145,SANTA TERESA,708.0,0,1,0.29,0.26,0.1106493598877792
267,374,MILIKAPITI,486.0,0,1,0.92,112.23,0.10802210690413969
268,186,WILLOWRA,261.0,0,1,0.42,229.57,0.10513138128330814
269,202,ALI CURUNG,463.0,0,1,0.09,109.12,0.10288095080005114
270,581,WUGULARR,636.0,0,1,0.23,0.2,0.09989361054817497
271,877,WATARU,7.0,0,1,2.59,342.98,0.09982791112316909
272,252,MARLINJA,68.0,0,1,0.65,314.68,0.09926590095199453
273,18974,TIMBER CREEK,326.0,0,1,0.7,169.39,0.09916853206271872
274,975,PAKULKI,6.0,0,1,23.28,253.74,0.0987611764789082
275,24904,BRUMBY PLAINS,8.0,0,1,0.01,331.06,0.09399893122982711
276,411,PIRLANGIMPI,372.0,0,1,0.41,120.03,0.09262419555964423
277,397,NAUIYU,411.0,0,1,0.04,93.84,0.09107844393713535
278,128,NYIRRIPI,295.0,0,1,0.22,151.86,0.08941351384902266
279,978,IRGUL POINT,14.0,0,1,22.14,217.79,0.08919634535777317
280,952,WIITIN,7.0,0,1,10.02,256.47,0.08510311796652598
281,17626,PINE CREEK,373.0,0,1,0.53,86.29,0.08398619479290391
282,131,PAPUNYA,514.0,0,1,1.84,0.19,0.08356814855361644
283,863,YULARA PULKA,5.0,0,1,9.44,250.37,0.08255888208850784
284,10,AMPILATWATJA,515.0,0,1,0.25,0.13,0.08195851266027163
285,613,LINGARA,46.0,0,1,0.03,262.07,0.08141986716651092
286,825,MINMARAMA PARK,535.0,0,0,1.19,0.75,0.08064448378459439
287,801,MUMUKALA,10.0,0,1,19.33,197.89,0.0802649411643076
288,51,IMANPA,146.0,0,1,0.17,200.94,0.08024136462957898
289,10677,BATCHELOR,371.0,0,1,0.19,72.65,0.07971203006392098
290,280,ALAMIRRA,4.0,0,1,10.24,235.94,0.0794731691167068
291,25071,BEASLEY KNOB,19.0,0,1,11.75,220.65,0.07931007354242811
292,380,MUDGINBERRI,40.0,0,1,9.02,219.17,0.07904116175356786
293,555,UMBAKUMBA,492.0,0,1,0.34,0.35,0.07870546653080301
294,220,CORELLA CREEK,30.0,0,1,0.09,259.8,0.07851359245147527
295,238,KARGARU,75.0,0,0,1.23,246.64,0.07748283625074273
296,973,HINGSTONS PLACE,6.0,0,1,3.32,250.79,0.0761129727539101
297,981,DJIRRBIYAK,30.0,0,1,10.17,206.49,0.07546718287280314
298,587,BULMAN,190.0,0,1,1.11,150.17,0.07437545841934771
299,892,SANDY BAY,4.0,0,1,6.63,230.92,0.07419117257459393
300,23547,MATARANKA,384.0,0,1,0.69,41.44,0.07393808642995955
301,404,NGANMARRIYANGA,427.0,0,1,0.34,17.25,0.07353587019467432
302,127,NTURIYA,77.0,0,1,15.63,146.91,0.07266967090974384
303,304,CANNON HILL,8.0,0,1,7.79,215.27,0.07191868723526042
304,580,BARUNGA,396.0,0,1,0.52,27.06,0.07173011900024695
305,1027,BUFFALO FARM,6.0,0,1,12.85,193.85,0.07150453897994612
306,1028,HAWK DREAMING,4.0,0,1,6.57,216.03,0.07018990055843648
307,42,ATITJERE,239.0,0,1,1.1,104.69,0.0696081629933158
308,707,WUNARA,8.0,0,1,0.1,235.29,0.06878483071730761
309,86,LARAMBA,222.0,0,1,0.17,114.38,0.06863009099165851
310,227,WUTUNUGURRA,168.0,0,1,1.95,133.05,0.06750928867262974
311,897,MANDEDJKADJANG,9.0,0,1,31.87,97.7,0.0673747708611103
312,968,ARMORRAN,8.0,0,1,11.98,179.79,0.0671316972233401
313,654,WEEMOL,109.0,0,1,4.66,151.06,0.06649170584534127
314,138,PMARA JUTUNTA,169.0,0,1,1.25,130.62,0.06624834290853426
315,419,SPRING PEAK,25.0,0,1,9.72,175.57,0.06606051456546747
316,112,MOUNT LIEBIG,282.0,0,1,1.35,65.36,0.06586170455247926
317,800,HUNTERS CAMP,8.0,0,1,2.24,214.04,0.06551291996521458
318,586,BULLA,95.0,0,1,0.26,171.74,0.0650613391470278
319,258,ROBINSON RIVER,211.0,0,1,0.45,105.07,0.06484538942214048
320,784,BLACKTANK BORE,18.0,0,1,41.2,42.4,0.06431494701058493
321,593,JILKMINGGAN,309.0,0,1,0.02,48.52,0.06395640866829888
322,799,RED LILY,5.0,0,1,6.88,188.69,0.06345163329235957
323,368,MARRKOLIDJBAN,21.0,0,1,27.16,94.31,0.06309744309567489
324,219,CANTEEN CREEK,173.0,0,1,0.2,118.7,0.06254041205938608
325,391,KUNGARREWARL,4.0,0,1,2.18,203.28,0.062010228366546565
326,24905,GULARDI,14.0,0,1,6.35,174.85,0.06054721357177897
327,648,MURUNING,50.0,0,1,2.19,170.88,0.06027722776426628
328,197,YUELAMU,175.0,0,1,0.05,109.37,0.06020658721697224
329,712,ARTEKERRE,51.0,0,1,30.9,50.77,0.06013467349265289
330,678,MYATT,12.0,0,1,5.6,174.13,0.05923869599740978
331,281,PARADISE FARM,12.0,0,1,3.84,179.73,0.05879053230152016
332,980,KAPALGA,10.0,0,1,6.79,167.58,0.05851476234757844
333,148,TITJIKALA,230.0,0,1,0.38,67.48,0.05765017714356167
334,900,PATONGA (HOMESTEAD),10.0,0,1,2.8,178.83,0.0571167107525193
335,409,PATONGA (AIRSTRIP),15.0,0,1,1.59,179.6,0.05673579255153257
336,33,ENGAWALA,193.0,0,1,0.15,84.93,0.05652501796088463
337,543,NANYINGBURRA,7.0,0,1,44.62,3.47,0.05614169904961702
338,574,YIMIDARRA,15.0,0,1,20.11,100.15,0.05602739115420481
339,18964,TI TREE,103.0,0,1,0.56,131.31,0.055890098697743765
340,1009,CORKWOOD BORE,36.0,0,1,30.31,42.6,0.055105087638142
341,582,BINJARI,282.0,0,1,4.04,3.4,0.05243243423953104
342,823,ANKWELEYELENGKWE,6.0,0,1,15.67,109.93,0.052413511405556626
343,9,AMOONGUNA,269.0,0,1,5.18,0.28,0.0509295201564617
344,93,LILTJERA,6.0,0,1,14.14,110.27,0.05082708324269218
345,514,GUNYANGARA,283.0,0,1,3.09,0.16,0.05068349557309125
346,85,LABRAPUNTJA,9.0,0,1,16.85,95.72,0.05039528869960825
347,984,YAKALA,7.0,0,1,13.03,108.14,0.0491962270553445
348,155,TNYIMIPURTA,11.0,0,1,12.33,108.75,0.04918353176530721
349,908,WAKURLPU,10.0,0,1,1.13,154.7,0.04890929776774462
350,519,LANGARRA,23.0,0,1,23.61,53.65,0.048757777171491976
351,718,KUY,29.0,0,1,24.28,44.94,0.04807923658072244
352,79,ARMSTRONGS,5.0,0,1,12.08,108.73,0.048014828767456566
353,46,DONS BORE,8.0,0,1,12.56,104.63,0.04790182115672106
354,770,NTAKARRA,4.0,0,1,11.15,109.95,0.04717010851119969
355,771,IPALALA,3.0,0,1,10.2,112.21,0.046578355479809645
356,83,KWALA,4.0,0,1,11.6,100.98,0.045292299663946683
357,573,YANBAKWA,29.0,0,1,26.11,26.11,0.0451073083991079
358,154,TNAWURTA,4.0,0,1,8.89,107.79,0.04412311245530476
359,174,WALLACE ROCKHOLE,102.0,0,1,0.13,89.02,0.044093177757341104
360,563,WUMAJBARR,8.0,0,1,13.54,85.4,0.043892896389092814
361,101,MBALKANAKA,2.0,0,1,10.11,102.97,0.04388929884227609
362,67,KAPORILYA,9.0,0,1,5.75,116.36,0.043689251786196696
363,369,PANDAYAL,8.0,0,1,16.06,74.12,0.04367246310224416
364,187,WILORA,69.0,0,1,0.17,105.49,0.043597822361845964
365,1020,PUTJAMIRRA,4.0,0,1,0.1,140.86,0.04323328792762853
366,410,PEPPIMENARTI,223.0,0,1,0.91,14.17,0.043102868861783876
367,715,WOOLIANA,11.0,0,1,9.83,94.92,0.04278912216173965
368,162,ULPANYALI,17.0,0,1,2.49,121.6,0.04268853043504757
369,178,WANMARRA,14.0,0,1,0.08,132.22,0.04241028228925695
370,57,FIVE MILE,3.0,0,1,7.73,104.96,0.041955956107391015
371,21,ARRKAPA,2.0,0,1,6.98,108.25,0.041855562769884724
372,264,TARA,73.0,0,1,0.14,95.15,0.04142502539813709
373,872,MERRAL NTARRAKALA,7.0,0,1,6.12,106.85,0.04128456345648516
374,24992,URRERMERNE,14.0,0,1,24.62,25.45,0.041076615553117125
375,52,IMPORTNA,4.0,0,1,3.4,115.88,0.04024642578234242
376,94,LYILYALANAMA,3.0,0,1,3.31,115.88,0.03999956819548091
377,149,TJAMANGKURRA,4.0,0,1,4.15,110.31,0.039595946436845414
378,861,RUTJINGKA,2.0,0,1,4.88,108.23,0.03954948281873796
379,983,WALANGURRMINY,11.0,0,1,15.08,60.06,0.03932735571287913
380,36,FINKE,224.0,0,1,0.65,0.17,0.03926595922238214
381,772,ULPUNDA,11.0,0,1,1.77,113.9,0.038975008140659996
382,946,BANATJARL,10.0,0,1,23.8,19.04,0.03789099228595431
383,886,NADILMUK,5.0,0,1,9.73,78.23,0.03737875961164518
384,179,WARREN CREEK,6.0,0,1,10.16,74.97,0.037136485015455634
385,106,MOTNAS,3.0,0,1,1.13,113.46,0.03697150154072696
386,595,MANYALLALUK,121.0,0,1,1.72,44.6,0.03691146963926518
387,147,ARAWERR,129.0,0,1,10.89,0.12,0.03638789959105783
388,935,ITCHY KOO PARK,52.0,0,1,16.1,21.11,0.0362284541490122
389,222,MARA,202.0,0,1,0.34,2.18,0.03619602878095833
390,477,DHIPIRRINJURA,18.0,0,1,20.62,20.53,0.03598676801053
391,824,JEMELKE,10.0,0,1,1.54,103.16,0.03573610436454271
392,914,OLD MISSION,20.0,0,1,12.58,51.66,0.035702403754756765
393,372,MEWIRNBI,40.0,0,1,15.4,28.49,0.03563308477741189
394,294,BELYUEN,175.0,0,1,0.24,12.66,0.034853599493090734
395,532,MILYAKBURRA,124.0,0,1,0.37,36.11,0.03363317571267615
396,927,PERTE THERRE,17.0,0,1,17.28,22.35,0.03266019731178563
397,794,KABALYARRA,15.0,0,1,2.52,82.85,0.03218298844998432
398,924,ITPERLYENGE,23.0,0,1,15.08,25.89,0.032075002412398086
399,815,WADA WADALLA,3.0,0,1,19.04,20.38,0.03199226641655878
400,920,ELITJIA,16.0,0,1,16.04,25.47,0.0319780198525928
401,1006,4 MILE CAMP,7.0,0,1,5.11,74.98,0.0317545189306355
402,923,ITEYEPINTYE,25.0,0,1,14.05,27.02,0.031541689307336834
403,697,WOOLANING,4.0,0,1,4.45,75.12,0.03062365890771023
404,949,BUNHANURA,15.0,0,1,16.83,16.95,0.030443406606117204
405,249,MUNYALINI,44.0,0,1,13.2,12.8,0.029668757058191008
406,925,KWALE KWALE,21.0,0,1,11.89,29.63,0.029271991922944007
407,121,NEW BORE,9.0,0,1,6.3,59.47,0.029255400814099768
408,882,EMU POINT,85.0,0,1,0.04,39.25,0.028319713802661406
409,987,MILIBUNTHURRA,4.0,0,1,16.13,17.3,0.028138209358888507
410,804,GUTJANGAN,37.0,0,1,11.37,18.05,0.02801362772941007
411,933,TYWENPE (C),24.0,0,1,12.98,18.14,0.02787407950602658
412,522,MALKALA,97.0,0,1,4.99,10.26,0.027859771776801292
413,405,PAPANGALA,12.0,0,1,16.19,11.38,0.027825264470160763
414,1026,NAMA,28.0,0,1,13.75,11.76,0.027624432156802083
415,934,TYWENPE (D),7.0,0,1,14.65,19.66,0.027585219073289848
416,407,PARU,3.0,0,1,1.26,77.04,0.02748786134933787
417,930,TWETYE (B),24.0,0,1,12.13,17.29,0.026718144654558077
418,24900,NGUNGA,5.0,0,1,2.61,67.25,0.02667587931605744
419,806,DHAYIRRI,6.0,0,1,9.17,38.42,0.026391394850838024
420,922,IRRILTYERE (B),10.0,0,1,13.25,18.29,0.026134012008547307
421,926,PAYEPERRENTYE (B),4.0,0,1,10.32,31.49,0.025523199799587407
422,465,BODIA,44.0,0,1,5.26,28.2,0.025039896990376533
423,334,HUMPTY DOO,4.0,0,1,5.36,50.19,0.02503148965078724
424,571,YATHALAMARRA,77.0,0,1,6.01,6.06,0.024902166958642148
425,921,IRRILTYERE (A),9.0,0,1,12.27,17.39,0.024674179563464873
426,642,ROCKHOLE,108.0,0,1,2.82,0.09,0.02442505356299509
427,489,GALAWDJAPIN,12.0,0,1,12.69,12.82,0.024371210576257085
428,278,YANYULA,119.0,0,1,0.89,1.02,0.024187093760618762
429,168,ARLPARRA,110.0,0,1,0.16,8.94,0.024146338238717976
430,716,NEMARLUK,24.0,0,1,12.7,4.4,0.023935725293337724
431,896,DHAMBALA,14.0,0,1,3.12,49.67,0.023922391197945782
432,875,MOUNT TWELLAR,17.0,0,1,6.25,34.32,0.023739309610811953
433,929,TWETYE (A),12.0,0,1,11.23,16.41,0.023720474124100107
434,507,GATJI,4.0,0,1,13.06,13.18,0.02368572204066066
435,14045564,BARNJARN,8.0,0,1,8.15,28.6,0.022974873447357474
436,928,TNERTE,19.0,0,1,9.69,14.84,0.022656027906439075
437,542,NGANGALALA,44.0,0,1,7.89,7.8,0.022529499294435065
438,932,INBINA ATWATYE,11.0,0,1,10.43,15.6,0.022481640229767102
439,807,GALAWARRA,4.0,0,1,3.81,46.4,0.02233156019634218
440,544,NGAYAWILLI,8.0,0,1,3.55,44.48,0.022132238630357442
441,963,GARANYDJIRR,8.0,0,1,11.49,11.4,0.022088146402080802
442,931,TYWENPE (A),20.0,0,1,9.14,14.31,0.022061608344534824
443,916,ANGATYEPE,21.0,0,1,8.95,14.11,0.02194883197261436
444,146,ATNARARA,47.0,0,1,6.84,6.33,0.02143532713837181
445,655,WERENBUN,20.0,0,1,2.75,37.61,0.021218980555652654
446,917,ANGKERLE ARRENGE (A),16.0,0,1,2.88,39.24,0.021199222924479847
447,664,DHUDUPU,4.0,0,1,2.44,45.53,0.020600618828729003
448,569,YANUNGBI,6.0,0,1,10.54,8.68,0.020031891094958613
449,708,WERRE-THERRE,2.0,0,1,5.14,33.23,0.02001129876177669
450,598,JODETLUK,21.0,0,1,4.19,25.49,0.01974151592536984
451,16,ANTHELK EWLPAYE,122.0,0,0,0.73,3.82,0.019723790649794345
452,760,ULAMBARA,8.0,0,1,9.6,8.43,0.01923243942466518
453,918,ANGKERLE ARRENGE (B),3.0,0,1,2.14,39.32,0.018482333797989605
454,545,NGADUMIYERRKA,27.0,0,1,3.86,18.01,0.018292457162074192
455,82,INKWELAYE,31.0,0,1,5.79,7.57,0.018240637024989768
456,672,YUDU YUDU,14.0,0,1,7.58,7.69,0.017713220364832607
457,25,BLACKWATER,9.0,0,1,8.34,6.63,0.017524462217268964
458,865,BARDALUMBA,26.0,0,1,2.99,17.55,0.017069437680672192
459,256,WANDANGULA,39.0,0,1,4.22,4.48,0.016889827432437252
460,838,WULKABIMIRRI,35.0,0,1,3.74,3.78,0.015585908073622529
461,959,AKWALIRRUMANJA,35.0,0,1,3.73,3.75,0.015567022694944515
462,403,PALMERSTON INDIGENOUS VILLAGE,65.0,0,0,1.0,18.87,0.01554705933976404
463,133,PHILLIPSON BORE,6.0,0,1,6.7,6.85,0.015341042998728458
464,988,SANDRIDGE,16.0,0,1,4.72,5.46,0.014286857418181047
465,180,WARUMPI,6.0,0,1,5.34,7.03,0.013898580411490858
466,817,WURLBU,5.0,0,1,3.31,2.48,0.010323629576933935
467,13339033,HONEYMOON BORE,2.0,0,1,2.6,2.51,0.00910891495088125
468,347,KULALUK,39.0,0,0,0.38,2.59,0.0067102996332028065
