priority_rank,community_id,community_name,mobile_need,nbn_need,nearest_mobile_site_distance_km,distance_community_to_wifi_km,priority_score
1,176,WALYTJATJATA,1,1,128.74,395.12,0.88598442
2,689,MURUN MURULA,1,1,150.22,299.09,0.880604704
3,81,KURKUTJARA,1,1,123.46,395.63,0.875325573
4,646,JIWARANPA,1,1,107.73,454.58,0.873364798
5,160,UKATJUPU,1,1,115.33,413.44,0.867745408
6,690,WANGALINJI,1,1,141.22,286.48,0.855443449
7,694,MAMADI,1,1,110.63,404.92,0.853601922
8,631,DUCK PONDS,1,1,83.79,482.79,0.838471711
9,745,MIRRIDI,1,1,77.93,479.84,0.824817973
10,25070,BATTON HILL,1,1,141.08,214.83,0.817983415
11,902,MAPERTE,1,1,154.56,144.66,0.809468639
12,904,ILUWURRU,1,1,106.58,327.57,0.805095731
13,604,PICININNY BORE,1,1,79.48,435.09,0.804809373
14,752,PINJA,1,1,59.98,511.93,0.804330036
15,702,MT MAIYO,1,1,82.36,390.95,0.787868772
16,259,WOGYALA,1,1,100.89,294.89,0.776370443
17,901,CONNELLS LAGOON,1,1,93.34,314.73,0.771043317
18,757,CHILLA WELL,1,1,117.38,209.82,0.766353064
19,787,AKARNENEHE WELL,1,1,128.88,163.52,0.76612522
20,200,YUMURRPA,1,1,116.3,210.16,0.764295111
21,16207,NGANGURR,1,1,92.74,302.08,0.763239486
22,731,NGAPPAMILARNU,1,1,97.6,278.53,0.761076794
23,11623,CATTLE CREEK,1,1,77.8,348.99,0.756667008
24,117,PUTULU,1,1,110.22,214.07,0.753745043
25,26,ORRTIPA-THURRA,1,1,127.83,140.63,0.752078134
26,638,PARNTA,1,1,39.29,491.08,0.75070943
27,28,MALA,1,1,110.81,199.76,0.747541949
28,142,PUYURRU,1,1,100.35,236.54,0.744982616
29,97,MANTAPAYIKA,1,1,80.45,304.75,0.739198698
30,998,WARLPEYANGKRERE,1,1,105.5,203.42,0.738455185
31,691,GUMULUJI,1,1,94.47,242.02,0.735660794
32,251,NUDJABARRA,1,1,85.52,276.28,0.734918075
33,974,NAPAGUNPA,1,1,72.1,329.63,0.734831146
34,119,WANARKULA,1,1,77.77,302.77,0.732627053
35,610,LIKU,1,1,48.68,414.23,0.730267706
36,829,BLUE BUSH,1,1,67.57,331.45,0.726403519
37,820,LIJA MUKUMPARLA,1,1,99.56,191.67,0.7200707
38,847,MCDONALDS YARD,1,1,45.48,400.71,0.716633579
39,1016,ULUPERTE,1,1,108.3,140.22,0.711461181
40,1000,KUMUNU,1,1,52.2,361.79,0.710345304
41,853,IRRMARNE,1,1,112.12,120.9,0.709341334
42,40,PARRULYU,1,1,60.96,322.79,0.70823594
43,248,MUNGALAWURRU,1,1,64.54,304.62,0.706216167
44,528,MARTJANBA,1,1,112.71,109.21,0.704497436
45,141,PUTA PUTA,1,1,60.75,310.22,0.701280454
46,236,KALUMPURLPA,1,1,56.97,325.04,0.701148556
47,869,NGARNKA,1,1,39,395.02,0.700275716
48,944,BURTA WURTA,1,1,38.97,372.49,0.688525597
49,255,PINGALA,1,1,51.26,317.64,0.685496583
50,618,MARIA LAGOON,1,1,99.04,125.94,0.684895672
51,941,KALUMBULANI,1,1,59.6,281.79,0.684152459
52,858,MURRANJI,1,1,66.41,253.22,0.683419724
53,1001,MUCKATY,1,1,37.21,363.17,0.680049451
54,209,BAJAMINYI,1,1,67.41,241.41,0.679361793
55,234,JARRA JARRA,1,1,76.72,203.97,0.679199578
56,1019,BURUDU,1,1,54.17,289.37,0.676851043
57,376,MALGAWA,1,1,93.51,123.34,0.67210622
58,906,NAMERINNI,1,1,29,377.97,0.67074226
59,639,NITJPURRU,1,1,54.21,275.24,0.669603472
60,686,BURRUMBURRU,1,1,61.59,243.26,0.668280939
61,77,KUNAPULA,1,1,35.24,347.59,0.667891304
62,748,WALU,1,1,47.43,296.21,0.666455564
63,91,LITTLE WELL,1,1,97.12,97.17,0.665998293
64,1007,KABULWARNAMYO,1,1,89.35,127.13,0.665466052
65,704,JANGIRULU,1,1,28.96,366.47,0.664693567
66,905,KURNTAPURRA,1,1,57.21,252.61,0.664070031
67,177,WANGKARI,1,1,29.46,363.21,0.664036768
68,288,ARARU POINT,1,1,76.11,175.67,0.663256193
69,152,TJUNTI,1,1,36.18,324.8,0.658013069
70,907,NGURRARA,1,1,54.58,249.39,0.656958545
71,49,ILPILI,1,1,77.29,158.78,0.656935263
72,764,MUYIN,1,1,41.03,296.91,0.653578195
73,239,KUNAYUNGKU,1,1,49.12,264.06,0.653273195
74,14153250,TODD RIVER DOWNS,1,1,91.83,91.85,0.652294286
75,24996,LILY HOLE,1,1,38.64,302.23,0.651393586
76,261,JILUNDARINA,1,1,58.84,217.72,0.649342082
77,204,GULUNGURU,1,1,45.38,269.78,0.648503177
78,195,YINYIRIPALANGU,1,1,60.56,206.7,0.647183544
79,722,KIANA,1,1,78.89,130.98,0.645823381
80,979,ADBANAE,1,1,66.13,178.64,0.644150036
81,990,MOOLOOWA,1,1,88.31,89.26,0.64366837
82,709,ILPERLE,1,1,79.84,122.2,0.643233904
83,385,WAUK,1,1,51.28,234.48,0.642396434
84,977,MURGENELLA PLAINS,1,1,51.9,229.68,0.641188978
85,140,PUNRITJANTA,1,1,30.89,312.06,0.640459733
86,381,WAIDABOONAR,1,1,52.24,216.14,0.634868135
87,1014,PENYEME,1,1,78.14,106.62,0.631634342
88,747,KULANG,1,1,18.97,339.52,0.630044903
89,125,NGUMAN,1,1,48.08,222.94,0.629789487
90,991,UGUIE,1,1,82.45,82.95,0.62827154
91,156,URLAMPE,1,1,34.05,275.54,0.628051488
92,721,LIKKAPARTA,1,1,36.11,267.11,0.627939985
93,16217,NGURRUTIJI,1,1,55.22,186.49,0.6256515
94,253,NURADIDGEE,1,1,55.05,187.06,0.625595502
95,24898,SANDY BORE,1,1,61.12,162.39,0.625355064
96,839,NGUYARRAMINI,1,1,52.69,195.2,0.62493591
97,151,TJULPUNGU,1,1,61.08,160.52,0.624302197
98,833,LAKE KATHERINE,1,1,62.59,153.66,0.623867318
99,622,AMANBIDJI,1,1,38.61,248.14,0.623270854
100,1010,YULBARA,1,1,80.26,80.91,0.622682496
101,796,YAMINYI,1,1,80.36,80.42,0.622635178
102,159,UKAKA,1,1,59.99,161.55,0.622581513
103,355,MAMADAWERRE,1,1,65.74,138.18,0.62235346
104,1011,BABUNGI,1,1,79.71,80.45,0.621306002
105,814,NORTH ISLAND,1,1,79.4,80.63,0.620758044
106,24990,ILJITJARRI,1,1,58.76,159.4,0.61892148
107,24989,IRROWA,1,1,57.38,163.82,0.618359491
108,579,BARRAPUNTA,1,1,79.56,73.34,0.61730717
109,153,TJUNTINANTA,1,1,15.39,328.01,0.616667363
110,196,YUWALKI,1,1,35.83,245.18,0.615983925
111,191,YATJALU,1,1,67.7,117.11,0.615477728
112,546,NGILIPITJI,1,1,77.48,72.94,0.612796492
113,516,GURKAWUY,1,1,73.35,87.16,0.611629237
114,235,JINGALOO,1,1,22.14,289.44,0.610622725
115,308,GUMERAGI,1,1,44.71,198.87,0.610330558
116,698,BOBS YARD,1,1,41.73,210.42,0.610157322
117,652,WANMARRI,1,1,58.59,143,0.610061831
118,359,MANDILBARRENG,1,1,57.62,146.02,0.609621773
119,670,DJARRUNG,1,1,74.46,76.97,0.608639298
120,11,AMPUTJUTA,1,1,7.68,341.86,0.607901749
121,316,GAMARGAWAN,1,1,68.13,99.02,0.606982643
122,578,BAMBOO SPRINGS,1,1,12.98,318.82,0.606913918
123,879,EAGLE VALLEY,1,1,6.66,343.94,0.606870599
124,557,WANDAWUY,1,1,73.88,72.27,0.605001122
125,880,TJAUWATA,1,1,6.35,341.07,0.60474037
126,554,DHURUPUTJPI,1,1,73.46,73.34,0.604687305
127,15203,MOOLOOLOO,1,1,37.89,214.31,0.604231058
128,55,INJIRRAMURRI,1,1,62.84,114.57,0.604105519
129,626,MISTAKE CREEK,1,1,7.17,335.96,0.603785859
130,109,MOUNT BARKLY,1,1,44.75,184.99,0.603212681
131,1022,10 MILE,1,1,52.54,147.31,0.599781338
132,688,MURTULKI,1,1,36,212.08,0.599164095
133,466,BUKUDAL,1,1,67.97,83.87,0.598792153
134,21479,WOLLAGALONNG OUTSTATION,1,1,50.01,151,0.596461486
135,938,BARRARATJPI,1,1,66.18,84.36,0.595343148
136,458,BANIYALA,1,1,64.92,88.82,0.595050169
137,822,KURRAYA,1,1,30.14,224.38,0.593421712
138,463,BAYGURRTJI,1,1,73.1,52.2,0.592975573
139,583,BOOMERANG LAGOON,1,1,45.58,161.86,0.59293049
140,1023,ARKANTA,1,1,51.81,135.79,0.592294777
141,456,BALMA,1,1,70.47,57.17,0.590112873
142,14,ANNINGIE,1,1,43.45,161.54,0.588357873
143,1024,GANIYARRANG,1,1,42.32,164.57,0.58759199
144,685,FLICKS HOLE,1,1,43.98,157.92,0.587576379
145,13,ANGAS DOWNS,1,1,31.57,206.96,0.587343037
146,24901,CRABHOLE,1,1,61.58,86.14,0.586749952
147,480,RURRANGALA,1,1,66.12,65.98,0.58568389
148,740,GUDJEKBIN,1,1,51.54,122.68,0.584935021
149,345,KOLORBIDAHDAH,1,1,62.86,72.62,0.582384185
150,8,INJULKAMA,1,1,53.87,107.39,0.58182329
151,695,JUNGARRAYI WARRNU,1,1,61.33,75.55,0.580738893
152,564,WUNBURRI,1,1,73.54,26.27,0.580433962
153,989,JIMILAYA,1,1,63.12,64.54,0.57873036
154,840,PUNJARRIJI,1,1,36.9,167.27,0.577779629
155,24902,SNAKE LAGOON,1,1,62.16,66.41,0.577714397
156,732,PURRUKUWURRU,1,1,29.48,196.59,0.577639461
157,363,MANMOYI,1,1,55.54,91.84,0.577211249
158,630,MUMPUMAMPU,1,1,45.86,130.04,0.577002267
159,600,HODGSON RIVER STATION,1,1,39.42,154.7,0.57647205
160,62,TINKI,1,1,17.44,240.39,0.575453193
161,899,MARRKALAWA,1,1,57.45,80.4,0.575227901
162,464,BIRANY BIRANY,1,1,59.61,71.15,0.574897884
163,596,GORPULYUL,1,1,41.93,141.36,0.574744324
164,361,MANGARDUBU,1,1,29.22,191.01,0.574206787
165,482,DJARRAKPI,1,1,56.57,77.08,0.57168499
166,360,MANKORLOD,1,1,56.84,76,0.571683295
167,567,WUYAGIBA,1,1,44.81,123.81,0.571598012
168,498,GAN GAN,1,1,62.23,54.12,0.571483441
169,194,YATEMANS BORE,1,1,59.04,61.55,0.568738388
170,699,BARRAK BARRAK,1,1,27.16,188.18,0.568476857
171,797,YIKARRAKKAL,1,1,51.51,90.73,0.56829802
172,1012,CONDER POINT,1,1,49.31,99.36,0.568223642
173,635,NUMMERLOORI,1,1,30.68,173.65,0.568221305
174,816,MANANGOORA,1,1,59.28,59.23,0.568031344
175,20,AREYONGA,1,1,47.67,103.55,0.567004438
176,768,CAMELS HUMP,1,1,56.15,68.93,0.566588046
177,1,ADELAIDE BORE,1,1,53.06,79.31,0.565580269
178,262,SOUTH WEST ISLAND,1,1,57.56,58.83,0.564265445
179,449,ANDANANGKI,1,1,50.74,85.8,0.564147448
180,257,BUJAN,1,1,55.52,64.99,0.5632407
181,134,PINE HILL,1,1,34.31,148.84,0.562860292
182,830,MILMILNGKAN,1,1,52.05,76.96,0.562271624
183,763,NGUTJUL,1,1,8.64,249.67,0.562061741
184,244,MUNGKARTA,1,1,25.43,181.45,0.561406409
185,325,MARLWON,1,1,40.95,117.67,0.560427035
186,590,COSTELLO,1,1,24.78,181.98,0.560336622
187,395,NABARLEK,1,1,25.64,177.67,0.559879885
188,585,BUBBLE BUBBLE,1,1,22.47,190.21,0.559827161
189,575,YIRRINGA,1,1,65.54,18.25,0.559722725
190,76,KULPITHARRA,1,1,54.76,60.41,0.559292389
191,870,KATJUTARI,1,1,54.61,60.57,0.559065069
192,628,MOMOB,1,1,35.9,134.78,0.558855723
193,714,ALKUPTIJA,1,1,51.01,73.36,0.558252442
194,632,NULAWAN,1,1,22.16,187.52,0.557790313
195,669,GONGURUWUY,1,1,60.44,34.44,0.557570696
196,181,WAYILILINYPA,1,1,45.67,91.25,0.556485816
197,602,JOWAR,1,1,32.7,142.53,0.55625599
198,754,AWUMBUNYJI,1,1,37.77,122.07,0.556130775
199,627,MOLE HILL,1,1,46.83,84.94,0.555612174
200,969,NGARLU NGARLU,1,1,24.41,172.91,0.554865844
201,577,BADAWARRKA,1,1,31.36,143.71,0.554095915
202,753,KURRURLDUL,1,1,48.13,76.72,0.554037303
203,649,TURKEY LAGOON,1,1,22.79,175.99,0.553112173
204,659,YINGUWUNARRI,1,1,7.83,235.5,0.553034913
205,951,MENNGEN,1,1,32.84,135.2,0.552742988
206,24897,DOUBLE D,1,1,52.33,55.43,0.55168162
207,950,FITZROY STATION,1,1,21.71,177.51,0.551666378
208,812,DOOLGARINA,1,1,52.87,52.13,0.551086823
209,871,LUNTHARRA,1,1,50.53,60.77,0.550727997
210,903,HATCHES CREEK,1,1,43.07,90.27,0.550598455
211,20926,IMPADNA,1,1,37.32,111.84,0.549892709
212,328,GUMARRIRNBANG,1,1,39.7,101.08,0.54923448
213,505,GARRTHALALA,1,1,49.09,62.44,0.548615239
214,373,MIKGINJ VALLEY,1,1,13.93,201.91,0.548229046
215,986,BUDJANGA,1,1,51.31,50.75,0.547143535
216,779,CHULUK,1,1,46.51,69.89,0.547142549
217,961,IMPERRENTH,1,1,49.82,56.34,0.546960943
218,819,DILLINYA,1,1,26.11,149.44,0.546207151
219,854,PANTYINTEME,1,1,36.29,108.29,0.545920154
220,274,WEST ISLAND,1,1,50.3,51.96,0.545681737
221,735,ARRAWAJIN,1,1,30.87,129.33,0.54562217
222,957,MOUNT JEAN,1,1,23.95,156.92,0.545618932
223,60,IPOLERA,1,1,37.91,99.35,0.544633789
224,118,MULGA BORE,1,1,46.35,65.14,0.544347343
225,851,MALLARRAMI,1,1,49.25,52.19,0.543628784
226,78,KUNGKAYUNTI,1,1,41.5,82.62,0.543381745
227,1018,ILPURLA,1,1,28.91,132.25,0.543082092
228,808,MUDHAMUL,1,1,55.25,27.11,0.543030829
229,985,UNDURANA 2A,1,1,45.75,64.97,0.543017853
230,734,JUNKAJI,1,1,18.03,175.44,0.542979213
231,736,KALINJARRI,1,1,20.26,166.1,0.542747324
232,597,GILWI,1,1,15.64,184.32,0.542641452
233,527,MARRAYA,1,1,43.44,72.97,0.542389074
234,123,YUWERLI,1,1,28.44,132.51,0.542244624
235,116,KARRINYARRA,1,1,46.51,60.12,0.542074094
236,556,WALDNARR,1,1,42.59,74.75,0.541553992
237,218,YANGULINYINA,1,1,27.98,132.42,0.541246272
238,326,KAKODBABULDI,1,1,39.99,84.06,0.541004851
239,548,WURWULA,1,1,48.51,49.56,0.540733465
240,302,BULUHKADURU,1,1,46.85,55.98,0.540629758
241,846,CHARLOTTE WATERS,1,1,48.61,48.61,0.54044751
242,212,BAUHINIA DOWNS,1,1,37.52,90.86,0.539422526
243,166,UNDURANA 1C,1,1,43.7,65.49,0.539046515
244,1017,KEWULYI,1,1,33.58,104.6,0.538399336
245,275,WOLLOGORANG,1,1,4.57,220,0.538249478
246,14262,KURINELLI,1,1,29.49,117.92,0.536847934
247,995,WULABURRI,1,1,41.95,68.23,0.536847512
248,776,KUWUMA,1,1,38.45,81.85,0.536672354
249,19471,WARBY,1,1,47.07,46.59,0.536213581
250,298,BOLKDJAM,1,1,44.62,55.88,0.535964389
251,428,WAMINARI,1,1,13.48,177.65,0.534712534
252,529,MATAMATA,1,1,47.47,41.33,0.534312344
253,775,DELEYE,1,1,44.93,50.78,0.533959961
254,641,RITTARANGU,1,1,18.2,156.87,0.533697219
255,619,MARRALUM,1,1,19.6,151.15,0.533626175
256,999,YINYIKAY,1,1,50.34,28.5,0.533593974
257,382,MUMEKA,1,1,35.75,86.08,0.533280941
258,139,PULARDI,1,1,35.61,85.95,0.532923863
259,517,GURRUMURU,1,1,47.5,37.41,0.532340802
260,737,ILLEUWURRU,1,1,42.61,56.16,0.531951297
261,535,MIRRNATJA,1,1,46.69,39.69,0.531847862
262,485,DONYDJI,1,1,56.22,0.05,0.530999479
263,769,ALKNGARRIINTJA,1,1,30.32,100.91,0.529740661
264,1021,ANNERRE,1,1,27.37,111.95,0.529364913
265,45,ILKARRALALAMA,1,1,29.72,101.86,0.528992201
266,629,MOUNT CATT,1,1,17.34,151.09,0.528919492
267,705,ULBULLA,1,1,20.05,138.86,0.528181375
268,479,DHUPUWAMIRRI,1,1,48.26,26.2,0.528097619
269,996,WUNDIGALLA,1,1,32.02,90.58,0.527898702
270,12,ANGULA,1,1,36.46,72.87,0.527896761
271,509,GIKAL,1,1,43.25,45.74,0.527869689
272,331,GURRGURR,1,1,29.4,100.71,0.527733581
273,868,WURANKUWU,1,1,28.29,104.5,0.527403346
274,948,SNAKE WELL,1,1,39.54,59.3,0.52722895
275,942,DOOJUM,1,1,7.08,188.36,0.527028126
276,700,BUCKET SPRINGS,1,1,6.77,189.56,0.527009321
277,855,MT EAGLEBEAK,1,1,26.82,108.92,0.526655161
278,38,GILBERT SPRINGS,1,1,27.95,103.41,0.526134476
279,14188734,WAJU,1,1,23.5,120.6,0.525845965
280,792,BARRIDJOWKENG,1,1,33.17,81.74,0.525691865
281,945,GIMBAT,1,1,25.17,111.58,0.524621539
282,967,KUMURRULU,1,1,29.72,93.32,0.524561842
283,1004,10 MILE OUTSTATION,1,1,29.12,94.88,0.524129837
284,811,BAGHETTI,1,1,16.41,145.5,0.524095514
285,15,INDARINGINYA,1,1,45.92,27.52,0.523941342
286,803,BUYMARR,1,1,39.27,53.97,0.523905282
287,785,TURNERS CAMP,1,1,41.28,45.82,0.523835595
288,947,KALPITAPTA,1,1,31.21,85.39,0.523530495
289,469,RORRUWUY,1,1,43.1,35.26,0.522122578
290,713,BURT CREEK,1,1,37.04,57.81,0.521283896
291,473,DHALINYBUY,1,1,41.21,40.82,0.52109689
292,767,TARAWARA,1,1,35.39,63.44,0.520791042
293,250,IMANGARA,1,1,28.94,88,0.520188259
294,183,WELMALA,1,1,17.72,132.38,0.519999323
295,523,MALNJANGARNAK,1,1,40.51,40.52,0.519493076
296,389,NAMUGARDABU,1,1,25.15,99.92,0.518531219
297,110,KURIPPI,1,1,20.29,118.91,0.518328286
298,396,NADIRRI,1,1,40.8,36.87,0.5181995
299,898,YILILA,1,1,32.91,67.9,0.51797409
300,910,ARRUNGKEE,1,1,27.93,87.07,0.517616278
301,1008,LEICHARDT,1,1,36.23,53.46,0.517351462
302,964,MU-GURTA,1,1,37.7,46.21,0.516631506
303,703,IRRERLIRRE,1,1,24.72,96.33,0.515779211
304,852,ALICE WELL,1,1,27.43,84.62,0.515310858
305,102,MBUNGHARA,1,1,36.46,46.96,0.51445524
306,536,MIWUL,1,1,33.19,59.42,0.514154131
307,911,FOSSIL HEAD,1,1,33.08,59.53,0.513983625
308,18,SUGAR CREEK,1,1,20.63,107.12,0.512915303
309,962,UMINYULUK,1,1,36.33,44.47,0.512894536
310,860,PETYALE,1,1,14.92,129.74,0.512837026
311,508,GAWA,1,1,47.25,0.1,0.512468011
312,837,SABINA,1,1,36.68,40.4,0.511507203
313,478,DHOLTJI,1,1,36.82,39.84,0.511506324
314,311,JI-BENA,1,1,33.61,48.17,0.509186794
315,541,NALIYINDI,1,1,36.26,36.14,0.508428303
316,1005,ILEPARRATYE,1,1,12.47,130.06,0.507934401
317,24903,WALLACES LAGOON,1,1,36.03,35.6,0.507672332
318,126,NGKWARLERLANEM,1,1,39.99,19.63,0.507580025
319,23746,NGARILIKIRLANGU,1,1,14.32,120.7,0.506905981
320,285,ANKABADBIRRI,1,1,30.4,55.74,0.506472994
321,789,OAK VALLEY,1,1,31.06,53.03,0.506432535
322,434,WOODYCUPALDIYA,1,1,34.16,40.49,0.506340441
323,340,JI-MARDA,1,1,32.88,45.52,0.506301788
324,909,FOXALLS WELL,1,1,16.04,112.44,0.506179268
325,303,YILAN,1,1,32.52,45.99,0.505800835
326,843,BLOODWOOD BORE,1,1,35.04,35.52,0.505582688
327,56,INTJARTNAMA,1,1,18.29,101.83,0.505329908
328,214,WADA WARRA,1,1,34.36,36.2,0.504528652
329,295,BERRAJA,1,1,29.85,54.08,0.504473967
330,182,WELERE,1,1,41.01,9.36,0.504362389
331,105,MORRIS GAP,1,1,14.63,113.1,0.50360461
332,913,NGARINTHI,1,1,26.79,64.5,0.503549006
333,321,GORRONG-GORRONG,1,1,29.72,52.24,0.503250468
334,319,GOCHAN JINY JIRRA,1,1,29.38,53.05,0.502967276
335,92,LTIRA,1,1,16.44,103.42,0.502327428
336,88,LILLA,1,1,10.74,125.94,0.502217962
337,915,NGUNTHAK,1,1,24.97,68.35,0.501781028
338,457,BANTHULA,1,1,39.61,9.15,0.501357083
339,338,JI-BALBAL,1,1,33.47,33.59,0.501333384
340,724,MIMINA,1,1,16.72,98.92,0.500572202
341,719,YEDERR,1,1,32.81,34.75,0.500569738
342,484,DJURRANALPI,1,1,38.91,10.32,0.500515871
343,24,UTILY,1,1,33.46,31.91,0.50044115
344,414,REDCLIFF,1,1,32.25,36.24,0.500184171
345,424,TARACUMBI,1,1,18.37,91.12,0.499939309
346,524,MAPURU,1,1,28.91,48.66,0.499717493
347,501,MOORONGA,1,1,28.69,48.06,0.498951084
348,888,BARRKIRA,1,1,31.95,34.91,0.498873548
349,751,WINPARKU,1,1,27.48,52.44,0.498720044
350,790,MOUNT PEACHY,1,1,25.45,58.81,0.497824931
351,22,ARTEKERR,1,1,32.95,28.77,0.497757085
352,972,COW LAGOON,1,1,29.5,41.1,0.497016146
353,873,NATJITNAMA,1,1,15.78,94.52,0.496344882
354,805,DHARAWA,1,1,36.35,11.84,0.496008208
355,859,PERTARRATENGE,1,1,16.24,91.22,0.495584578
356,237,KANGAROO ISLAND,1,1,30.98,32.05,0.49538308
357,100,OLD STATION,1,1,12.28,105.9,0.495007662
358,936,KUDANTIGA,1,1,23.17,62.42,0.494980784
359,773,PALM PADDOCK,1,1,6.78,125.72,0.493911263
360,406,PERREDERR,1,1,31.46,27.16,0.493839297
361,765,NGANKIRITJA,1,1,30.76,29.22,0.493459797
362,307,DAMDAM,1,1,29.14,35.63,0.493433655
363,791,PWERTENTYE,1,1,14.17,94.45,0.49297775
364,997,PANTHARRPILENHE,1,1,14.1,94.54,0.492879622
365,5,RED SANDHILL,1,1,10.78,106.67,0.492303875
366,966,JARRAMAGORNDARRA,1,1,29.98,30.1,0.492302634
367,728,CAMEL CAMP,1,1,30.86,26.52,0.492265981
368,884,MULINGI,1,1,29.2,32.89,0.492136335
369,267,TJOUNGOURI,1,1,29.78,30.28,0.491982247
370,23,ATNWENGERRPE,1,1,33.01,16.19,0.491354996
371,864,YALUKUN,1,1,34.63,8.67,0.490805295
372,63,IRRULTJA,1,1,36.56,0.17,0.49038853
373,965,DJINKARR,1,1,18.9,69.78,0.48996508
374,994,MARINIRI,1,1,13.18,92.03,0.489674167
375,392,NANGAK,1,1,18.29,71.13,0.489403443
376,437,WURDEJA,1,1,27.58,33.89,0.489303607
377,874,RARANGANTJUTA,1,1,16.69,77.15,0.489216354
378,883,KELERRK,1,1,23.65,48.59,0.488799131
379,777,KWOMBOM,1,1,24.26,45.76,0.488592978
380,41,HAASTS BLUFF,1,1,28.84,27.29,0.488486403
381,953,SPOTTED TIGER,1,1,7.85,110.67,0.488317312
382,720,WALKABOUT BORE,1,1,19.77,63.13,0.488315093
383,512,GULMARRI,1,1,30.45,19.7,0.487879699
384,499,GANPURA,1,1,31.06,17.25,0.487870681
385,813,IJARRA,1,1,26.14,36.04,0.487439863
386,185,WEST WATERHOUSE,1,1,14.55,80.88,0.486724097
387,2,ALYUEN,1,1,2.82,127.61,0.486699184
388,793,JI-MALAWA,1,1,25.7,35.95,0.486482888
389,300,BULGUL,1,1,9.25,99.12,0.485221796
390,315,GAMARDI,1,1,27.1,27.22,0.484850324
391,441,ALHARRGAN,1,1,19.91,55.75,0.484776152
392,144,RODNA,1,1,8.56,99.44,0.483960312
393,351,KULTCHILL,1,1,21.43,48.09,0.48394694
394,476,DHARRNI,1,1,19.71,54.14,0.483527155
395,24899,BLACK ROCK LANDING,1,1,26.38,27.39,0.483448958
396,912,KUBUYIRR,1,1,27.57,22.63,0.483441486
397,993,GARRINJINNY,1,1,8.47,97.31,0.482669121
398,693,ALATYEYE,1,1,14.52,73.04,0.482594818
399,24995,ATNARPA,1,1,12.83,79.65,0.482527613
400,726,INKAWENYERRE,1,1,30.54,8.68,0.482348967
401,170,ANKERRAPW,1,1,27.09,22.07,0.482157932
402,24993,20 MILE,1,1,26.11,25.84,0.482086269
403,510,GITAN,1,1,26.73,21.61,0.481174515
404,723,GOOLMINYINI,1,1,25.14,24.41,0.479337652
405,14153168,SALT BORE,1,1,19.91,43,0.478161741
406,845,HALFWAY CAMP,1,1,24.4,24.87,0.478045355
407,786,WILLIAMS WELL,1,1,20.68,36.4,0.47633081
408,1015,ATJI CREEK,1,1,24,23.11,0.476304775
409,279,ACACIA LARRAKIA,1,1,15.67,56.11,0.476191072
410,955,DHANIYA,1,1,19.76,37.12,0.474801006
411,30,TOWN BORE,1,1,23.22,23.11,0.474691087
412,470,BURRUM,1,1,27.48,5.78,0.474513893
413,552,RAYMANGIRR,1,1,28.2,0.08,0.473046419
414,940,PWERTE MARNTE MARNTE,1,1,10.47,69.31,0.472281016
415,1013,TAKAPIMILIYI,1,1,11,66.98,0.472168745
416,761,AMUNDURNGUA,1,1,15.04,50.21,0.471826922
417,59,INYILINGI,1,1,15.08,49.76,0.471676226
418,711,UNDOOLYA BORE,1,1,22.65,18.56,0.471151417
419,954,DHULMULMIYA,1,1,18.01,34.55,0.469847295
420,970,TOMMYHAWK SWAMP,1,1,22.33,17.06,0.469711225
421,778,WUDADUK,1,1,20.66,21.75,0.468689345
422,662,UN-MARR,1,1,21.29,18.63,0.468374122
423,462,BAWAKA,1,1,17.22,34.32,0.4680936
424,889,WATDAGAWUY,1,1,17.54,29.95,0.466488569
425,24991,ALYARPERE,1,1,12.45,48.65,0.465659359
426,44,GREEN VALLEY,1,1,19.45,18.44,0.464468907
427,565,WURRUMENBUMANJA,1,1,19.06,18.31,0.463594622
428,919,ARRILLHJERE,1,1,17.14,24.46,0.462812949
429,475,DHAMIYAKA,1,1,17.93,17.85,0.461018206
430,729,ATHELEY,1,1,21.06,3.58,0.460090692
431,27,ATNELTYEY,1,1,17.81,8.89,0.456121702
432,435,WUDAPULI,1,1,15.61,12.37,0.45337562
433,445,AMANBURNUNGA,1,1,14.86,14.88,0.453126129
434,490,GILIRRI,1,1,11.89,12.01,0.445492812
435,727,IYLENTYE,1,1,12.22,10.02,0.445143159
436,960,ANGWURA,1,1,11.63,11.65,0.444768156
437,717,MERREPEN,1,1,14.32,0.08,0.444331056
438,572,YEDIKBA,1,1,11.06,10.98,0.443241342
439,956,DALIWUY BAY,1,1,10.34,10.41,0.441456081
440,530,MAWULYUMANJA,1,1,9.76,9.79,0.439934518
441,759,5 MILE BORE,1,1,7.67,8.21,0.434790994
442,730,PUNGALINDUM,1,1,9.15,0.14,0.43366633
443,7,ALPARA,0,1,63.86,309.69,0.319305004
444,614,LUL-TJU,0,1,6.64,461.25,0.279552434
445,609,LAJAMANU,0,1,0.66,455.27,0.264078541
446,647,MUNGURRUPA,0,1,21.98,367.65,0.262730729
447,306,TIGERS CAMP,0,1,42.47,233.83,0.235698275
448,432,WILGI,0,1,43.18,230.09,0.235226917
449,976,BUNI-INWUNBULUK,0,1,39.71,242.03,0.234242278
450,54,ININTI,0,1,26.65,281.8,0.22785513
451,591,DAGURAGU,0,1,5.3,352.69,0.220461732
452,603,KALKARINDJI,0,1,0.59,356.16,0.212517699
453,877,WATARU,0,1,2.59,342.98,0.209817873
454,878,OONDALOO,0,1,2.25,344.23,0.209762943
455,939,YARTALU YARTALU,0,1,3.38,333.57,0.206570554
456,975,PAKULKI,0,1,23.28,253.74,0.20632628
457,66,KALTUKATJARA,0,1,0.41,342.32,0.20496543
458,224,ELLIOTT SOUTH CAMP,0,1,1.24,336.38,0.203601022
459,225,ELLIOTT NORTH CAMP,0,1,1.06,336.07,0.203067812
460,12641,ELLIOTT,0,1,0.46,336.45,0.202023649
461,24904,BRUMBY PLAINS,0,1,0.01,331.06,0.198296465
462,741,GUL GUL,0,1,25.77,215.65,0.191717437
463,252,MARLINJA,0,1,0.65,314.68,0.191122944
464,21684,NEWCASTLE WATERS,0,1,0.18,314.83,0.19022841
465,136,PINPIRNGA,0,1,14.54,250.06,0.186335603
466,978,IRGUL POINT,0,1,22.14,217.79,0.185317767
467,828,MARIAH,0,1,23.01,212.02,0.184124304
468,952,WIITIN,0,1,10.02,256.47,0.180309853
469,894,MARRAMARRANI,0,1,17.35,222.45,0.177825573
470,863,YULARA PULKA,0,1,9.44,250.37,0.175945389
471,203,ALPURRURULAM,0,1,0.33,281.79,0.173398331
472,280,ALAMIRRA,0,1,10.24,235.94,0.170114496
473,801,MUMUKALA,0,1,19.33,197.89,0.169180685
474,24994,BUSHCAMP,0,1,7.98,242.85,0.169023692
475,895,ADJAMARRAGU,0,1,10.74,225.55,0.165758815
476,25071,BEASLEY KNOB,0,1,11.75,220.65,0.165306324
477,890,WANAKUTJA,0,1,8.33,231.81,0.16402048
478,973,HINGSTONS PLACE,0,1,3.32,250.79,0.163502035
479,613,LINGARA,0,1,0.03,262.07,0.162547392
480,891,TIMOR SPRINGS,0,1,5.7,237.78,0.161676557
481,220,CORELLA CREEK,0,1,0.09,259.8,0.161493897
482,72,KINTORE,0,1,0.31,257.8,0.160911485
483,892,SANDY BAY,0,1,6.63,230.92,0.160041757
484,658,YARRALIN,0,1,0.16,255.88,0.159605108
485,120,MUTITJULU,0,1,0.42,253.76,0.159043196
486,893,ARRGAMURRMUR,0,1,4.9,235.73,0.158958
487,380,MUDGINBERRI,0,1,9.02,219.17,0.158890627
488,291,WALKA,0,1,3.86,233.45,0.155623604
489,981,DJIRRBIYAK,0,1,10.17,206.49,0.154691685
490,20026,YULARA,0,1,0.39,245.13,0.154504082
491,304,CANNON HILL,0,1,7.79,215.27,0.154322734
492,1027,BUFFALO FARM,0,1,12.85,193.85,0.153678804
493,335,ARARLAGU,0,1,13.52,188.71,0.152398405
494,1028,HAWK DREAMING,0,1,6.57,216.03,0.152193032
495,375,MINJILANG,0,1,0.59,234.5,0.149403245
496,707,WUNARA,0,1,0.1,235.29,0.148799352
497,186,WILLOWRA,0,1,0.42,229.57,0.146493972
498,968,ARMORRAN,0,1,11.98,179.79,0.144584912
499,897,MANDEDJKADJANG,0,1,31.87,97.7,0.143147512
500,800,HUNTERS CAMP,0,1,2.24,214.04,0.14220263
501,282,AMATJATPALK,0,1,9.68,179.75,0.139805852
502,802,NGIPIN,0,1,9.63,179.18,0.139406707
503,799,RED LILY,0,1,6.88,188.69,0.138650997
504,12194,DALY WATERS,0,1,6.23,190.83,0.13841644
505,419,SPRING PEAK,0,1,9.72,175.57,0.137720115
506,391,KUNGARREWARL,0,1,2.18,203.28,0.136496456
507,127,NTURIYA,0,1,15.63,146.91,0.135078743
508,431,WIGU,0,1,6.45,181.04,0.133792753
509,784,BLACKTANK BORE,0,1,41.2,42.4,0.133761311
510,246,NGALPA NGALPA,0,0,1.43,249.18,0.13218593
511,336,INJILATPARRI,0,1,5.17,182.98,0.132151078
512,329,GUNBALANYA,0,1,0.07,203.3,0.1321416
513,701,POLICEMANS HOLE,0,1,1.73,196.24,0.13191329
514,368,MARRKOLIDJBAN,0,1,27.16,94.31,0.131644667
515,681,TINKARLI,0,0,1.26,248.59,0.13152815
516,684,WUPPA,0,0,1.19,248.76,0.131471524
517,696,LARRPAYANJI,0,1,7.91,170.16,0.131168947
518,51,IMANPA,0,1,0.17,200.94,0.131124168
519,238,KARGARU,0,0,1.23,246.64,0.13045447
520,24905,GULARDI,0,1,6.35,174.85,0.130374638
521,18869,TENNANT CREEK,0,0,0.75,248.08,0.13020847
522,223,MARLA MARLA,0,0,0.67,247.86,0.129928833
523,271,VILLAGE CAMP,0,0,0.55,247.53,0.129509377
524,215,MUNJI-MARLA,0,0,0.31,248.43,0.129479757
525,678,MYATT,0,1,5.6,174.13,0.128449495
526,281,PARADISE FARM,0,1,3.84,179.73,0.127713507
527,980,KAPALGA,0,1,6.79,167.58,0.127513412
528,900,PATONGA (HOMESTEAD),0,1,2.8,178.83,0.125095024
529,330,GUPANGA,0,1,35.77,46.75,0.124784244
530,409,PATONGA (AIRSTRIP),0,1,1.59,179.6,0.122991198
531,429,WARRUWI,0,1,0.51,183.58,0.122821596
532,827,MOBARN,0,1,10.44,142.94,0.122281968
533,543,NANYINGBURRA,0,1,44.62,3.47,0.120640707
534,574,YIMIDARRA,0,1,20.11,100.15,0.120089073
535,648,MURUNING,0,1,2.19,170.88,0.119708758
536,633,NGUKURR,0,1,0.22,174.97,0.117754962
537,712,ARTEKERRE,0,1,30.9,50.77,0.116794526
538,586,BULLA,0,1,0.26,171.74,0.116162064
539,823,ANKWELEYELENGKWE,0,1,15.67,109.93,0.11597711
540,18974,TIMBER CREEK,0,1,0.7,169.39,0.115853223
541,654,WEEMOL,0,1,4.66,151.06,0.114536601
542,93,LILTJERA,0,1,14.14,110.27,0.112988184
543,687,MANABURDURMA,0,0,1.01,212.02,0.112039255
544,1009,CORKWOOD BORE,0,1,30.31,42.6,0.111335505
545,85,LABRAPUNTJA,0,1,16.85,95.72,0.111046503
546,13836,JABIRU,0,0,0.64,211.2,0.11084839
547,984,YAKALA,0,1,13.03,108.14,0.109586786
548,710,JOMET (URPALARWN),0,1,15.97,96.31,0.109532011
549,908,WAKURLPU,0,1,1.13,154.7,0.10912198
550,155,TNYIMIPURTA,0,1,12.33,108.75,0.108455059
551,79,ARMSTRONGS,0,1,12.08,108.73,0.107927476
552,750,WALKALBA,0,1,10.14,116.09,0.107732147
553,34,EIGHT MILE,0,1,11.35,109.54,0.10683744
554,46,DONS BORE,0,1,12.56,104.63,0.106793528
555,587,BULMAN,0,1,1.11,150.17,0.106730542
556,770,NTAKARRA,0,1,11.15,109.95,0.106636372
557,771,IPALALA,0,1,10.2,112.21,0.105843421
558,128,NYIRRIPI,0,1,0.22,151.86,0.105766017
559,393,NANGU,0,1,21.63,66.2,0.105621204
560,519,LANGARRA,0,1,23.61,53.65,0.103206832
561,83,KWALA,0,1,11.6,100.98,0.102913913
562,101,MBALKANAKA,0,1,10.11,102.97,0.100863723
563,154,TNAWURTA,0,1,8.89,107.79,0.100840257
564,718,KUY,0,1,24.28,44.94,0.100074397
565,856,LIZARD BORE,0,1,15.45,79.87,0.09992752
566,1020,PUTJAMIRRA,0,1,0.1,140.86,0.099811206
567,227,WUTUNUGURRA,0,1,1.95,133.05,0.099586891
568,563,WUMAJBARR,0,1,13.54,85.4,0.098844893
569,67,KAPORILYA,0,1,5.75,116.36,0.098790052
570,887,NABBARLA KUNINDABBA,0,1,18.64,64.37,0.098486039
571,369,PANDAYAL,0,1,16.06,74.12,0.098206536
572,21,ARRKAPA,0,1,6.98,108.25,0.097127429
573,57,FIVE MILE,0,1,7.73,104.96,0.096972274
574,138,PMARA JUTUNTA,0,1,1.25,130.62,0.096878081
575,715,WOOLIANA,0,1,9.83,94.92,0.096108293
576,18964,TI TREE,0,1,0.56,131.31,0.095808545
577,178,WANMARRA,0,1,0.08,132.22,0.095287593
578,14240,KULGERA,0,1,0.17,131.08,0.094882382
579,162,ULPANYALI,0,1,2.49,121.6,0.094764059
580,872,MERRAL NTARRAKALA,0,1,6.12,106.85,0.094621946
581,867,GULNGARRING,0,1,11.46,84.66,0.09415783
582,573,YANBAKWA,0,1,26.11,26.11,0.094091779
583,826,IRON STONE,0,1,17.26,61.39,0.094085097
584,52,IMPORTNA,0,1,3.4,115.88,0.093679288
585,94,LYILYALANAMA,0,1,3.31,115.88,0.093493093
586,624,MINYERRI,0,1,0.1,127.58,0.092921843
587,861,RUTJINGKA,0,1,4.88,108.23,0.09277251
588,149,TJAMANGKURRA,0,1,4.15,110.31,0.092341321
589,24992,URRERMERNE,0,1,24.62,25.45,0.090666829
590,411,PIRLANGIMPI,0,1,0.41,120.03,0.089646411
591,772,ULPUNDA,0,1,1.77,113.9,0.089279915
592,983,WALANGURRMINY,0,1,15.08,60.06,0.088885073
593,219,CANTEEN CREEK,0,1,0.2,118.7,0.088521983
594,106,MOTNAS,0,1,1.13,113.46,0.087727602
595,886,NADILMUK,0,1,9.73,78.23,0.087243016
596,310,DITCHI,0,1,13.93,60.93,0.086957254
597,374,MILIKAPITI,0,1,0.92,112.23,0.086655051
598,179,WARREN CREEK,0,1,10.16,74.97,0.086441398
599,472,DARRANGMURMANJA,0,1,21.87,27.94,0.086269301
600,86,LARAMBA,0,1,0.17,114.38,0.0862188
601,14359,LARRIMAH,0,1,0.22,114.05,0.086151045
602,12769,FIVE MILE,0,1,4.13,97.94,0.085882668
603,946,BANATJARL,0,1,23.8,19.04,0.085645025
604,341,NDJUDDA,0,1,7.7,83.03,0.085533422
605,43,HERMANNSBURG,0,1,0.2,112.39,0.085248498
606,197,YUELAMU,0,1,0.05,109.37,0.083371466
607,202,ALI CURUNG,0,1,0.09,109.12,0.083324525
608,824,JEMELKE,0,1,1.54,103.16,0.083232416
609,42,ATITJERE,0,1,1.1,104.69,0.08311586
610,198,YUENDUMU,0,1,0.44,106.21,0.082538973
611,258,ROBINSON RIVER,0,1,0.45,105.07,0.081968255
612,187,WILORA,0,1,0.17,105.49,0.081606869
613,497,GUMURUGURU,0,1,17.39,34.81,0.080564942
614,477,DHIPIRRINJURA,0,1,20.62,20.53,0.079839123
615,504,GARRIYAK,0,1,13.77,47.45,0.079633123
616,914,OLD MISSION,0,1,12.58,51.66,0.079355267
617,608,KYBROOK FARM,0,1,4.18,82.89,0.07817851
618,467,BULARRING,0,1,15.24,38.73,0.078150565
619,10153,ADELAIDE RIVER,0,1,0.86,95.38,0.077789523
620,427,AMANGAL INDIGENOUS VILLAGE,0,1,0.52,96.08,0.077449265
621,815,WADA WADALLA,0,1,19.04,20.38,0.076492555
622,783,16 MILE CAMP,0,1,17.13,27.52,0.07624516
623,264,TARA,0,1,0.14,95.15,0.076180647
624,1006,4 MILE CAMP,0,1,5.11,74.98,0.075998994
625,397,NAUIYU,0,1,0.04,93.84,0.075294165
626,788,ANTERE,0,1,18.59,19.06,0.074876795
627,794,KABALYARRA,0,1,2.52,82.85,0.074723501
628,697,WOOLANING,0,1,4.45,75.12,0.074706194
629,640,PINE CREEK COMPOUND,0,1,1.32,87.11,0.074450896
630,927,PERTE THERRE,0,1,17.28,22.35,0.073873405
631,372,MEWIRNBI,0,1,15.4,28.49,0.073169297
632,174,WALLACE ROCKHOLE,0,1,0.13,89.02,0.072979853
633,920,ELITJIA,0,1,16.04,25.47,0.072926641
634,17626,PINE CREEK,0,1,0.53,86.29,0.072391123
635,104,AMENGERNTERNEAH,0,1,22.1,0.15,0.07232831
636,362,MANINGRIDA,0,1,0.93,82.5,0.071252489
637,924,ITPERLYENGE,0,1,15.08,25.89,0.07115845
638,33,ENGAWALA,0,1,0.15,84.93,0.07089943
639,935,ITCHY KOO PARK,0,1,16.1,21.11,0.070788902
640,549,NUMBULWAR,0,1,0.07,84.41,0.07046416
641,121,NEW BORE,0,1,6.3,59.47,0.070414665
642,949,BUNHANURA,0,1,16.83,16.95,0.070141034
643,547,NIKAWU,0,1,7.51,53.67,0.069909041
644,923,ITEYEPINTYE,0,1,14.05,27.02,0.069613774
645,407,PARU,0,1,1.26,77.04,0.069102678
646,987,MILIBUNTHURRA,0,1,16.13,17.3,0.068874425
647,762,TJINTIRTJINTIRPA,0,1,3.48,65.88,0.067905926
648,430,NGARDINITCHI,0,1,6.53,52.2,0.067118984
649,934,TYWENPE (D),0,1,14.65,19.66,0.067036871
650,24900,NGUNGA,0,1,2.61,67.25,0.066816769
651,400,WURRUMIYANGA,0,1,0.22,76.26,0.066546449
652,925,KWALE KWALE,0,1,11.89,29.63,0.066499109
653,405,PAPANGALA,0,1,16.19,11.38,0.065927393
654,744,PICKERTARAMOOR,0,1,0.66,72.58,0.065547633
655,806,DHAYIRRI,0,1,9.17,38.42,0.065431944
656,10677,BATCHELOR,0,1,0.19,72.65,0.064611597
657,937,WUMIRDIN,0,1,7.36,43.75,0.064452445
658,926,PAYEPERRENTYE (B),0,1,10.32,31.49,0.064215972
659,334,HUMPTY DOO,0,1,5.36,50.19,0.06365571
660,922,IRRILTYERE (B),0,1,13.25,18.29,0.063429783
661,112,MOUNT LIEBIG,0,1,1.35,65.36,0.063229554
662,65,IWUPATAKA,0,1,8.36,37.02,0.063029903
663,933,TYWENPE (C),0,1,12.98,18.14,0.062793382
664,148,TITJIKALA,0,1,0.38,67.48,0.062322596
665,494,BAYAGIDA,0,1,9.08,31.8,0.061811443
666,468,BUNDATHARRI,0,1,13.46,13.56,0.061410421
667,1026,NAMA,0,1,13.75,11.76,0.061076582
668,921,IRRILTYERE (A),0,1,12.27,17.39,0.06093543
669,930,TWETYE (B),0,1,12.13,17.29,0.060593916
670,249,MUNYALINI,0,1,13.2,12.8,0.060478254
671,507,GATJI,0,1,13.06,13.18,0.060385753
672,4,ALKIPI,0,1,13.3,11.31,0.059912159
673,489,GALAWDJAPIN,0,1,12.69,12.82,0.059433526
674,804,GUTJANGAN,0,1,11.37,18.05,0.059415876
675,896,DHAMBALA,0,1,3.12,49.67,0.058751766
676,807,GALAWARRA,0,1,3.81,46.4,0.058482857
677,929,TWETYE (A),0,1,11.23,16.41,0.058275445
678,958,SCOTT POINT,0,1,12.26,12.26,0.058253414
679,14045564,BARNJARN,0,1,8.15,28.6,0.058227344
680,875,MOUNT TWELLAR,0,1,6.25,34.32,0.057263973
681,544,NGAYAWILLI,0,1,3.55,44.48,0.056948909
682,963,GARANYDJIRR,0,1,11.49,11.4,0.056214266
683,932,INBINA ATWATYE,0,1,10.43,15.6,0.056200171
684,481,BOROGOMARRA,0,1,11.18,11.15,0.055443234
685,664,DHUDUPU,0,1,2.44,45.53,0.055197224
686,716,NEMARLUK,0,1,12.7,4.4,0.055086109
687,708,WERRE-THERRE,0,1,5.14,33.23,0.054402104
688,928,TNERTE,0,1,9.69,14.84,0.054274966
689,595,MANYALLALUK,0,1,1.72,44.6,0.053225203
690,931,TYWENPE (A),0,1,9.14,14.31,0.052862157
691,917,ANGKERLE ARRENGE (A),0,1,2.88,39.24,0.052844399
692,569,YANUNGBI,0,1,10.54,8.68,0.052837803
693,916,ANGATYEPE,0,1,8.95,14.11,0.052365324
694,465,BODIA,0,1,5.26,28.2,0.052040913
695,423,TREE POINT,0,1,6.87,21.39,0.051838856
696,593,JILKMINGGAN,0,1,0.02,48.52,0.051741799
697,655,WERENBUN,0,1,2.75,37.61,0.051729844
698,426,WADEYE,0,1,0.05,48.23,0.051653418
699,492,GALIWINKU,0,1,0.21,47.14,0.051418964
700,918,ANGKERLE ARRENGE (B),0,1,2.14,39.32,0.051354967
701,760,ULAMBARA,0,1,9.6,8.43,0.050763408
702,620,MATARANKA TOWN CAMP,0,1,0.9,41.65,0.049998369
703,538,MULGURRAM,0,1,9,8.92,0.049776311
704,23547,MATARANKA,0,1,0.69,41.44,0.049454971
705,147,ARAWERR,0,1,10.89,0.12,0.049121159
706,971,MULGGAN,0,1,0.54,40.89,0.048859319
707,598,JODETLUK,0,1,4.19,25.49,0.048421378
708,810,BISHOPS BORE,0,1,8.37,8.27,0.048135742
709,25,BLACKWATER,0,1,8.34,6.63,0.047222883
710,882,EMU POINT,0,1,0.04,39.25,0.046974109
711,542,NGANGALALA,0,1,7.89,7.8,0.046898879
712,672,YUDU YUDU,0,1,7.58,7.69,0.046200476
713,446,AMIRRABA,0,1,7.54,7.52,0.04602953
714,532,MILYAKBURRA,0,1,0.37,36.11,0.046027862
715,531,MILINGIMBI,0,1,2.37,25.04,0.044422657
716,146,ATNARARA,0,1,6.84,6.33,0.043964004
717,133,PHILLIPSON BORE,0,1,6.7,6.85,0.043944132
718,1002,YIRRA BANDOO,0,1,2.07,25.27,0.043921327
719,545,NGADUMIYERRKA,0,1,3.86,18.01,0.04385821
720,82,INKWELAYE,0,1,5.79,7.57,0.042435016
721,522,MALKALA,0,1,4.99,10.26,0.042175463
722,571,YATHALAMARRA,0,1,6.01,6.06,0.042106805
723,865,BARDALUMBA,0,1,2.99,17.55,0.04181969
724,580,BARUNGA,0,1,0.52,27.06,0.041643252
725,180,WARUMPI,0,1,5.34,7.03,0.041223903
726,442,ALYINGBERRMA,0,1,5.32,5.33,0.040300605
727,988,SANDRIDGE,0,1,4.72,5.46,0.039126748
728,844,BEER ST BORE,0,1,4.79,5.15,0.039110745
729,256,WANDANGULA,0,1,4.22,4.48,0.037583931
730,9,AMOONGUNA,0,1,5.18,0.28,0.037391143
731,582,BINJARI,0,1,4.04,3.4,0.036651262
732,838,WULKABIMIRRI,0,1,3.74,3.78,0.036227748
733,959,AKWALIRRUMANJA,0,1,3.73,3.75,0.036191497
734,404,NGANMARRIYANGA,0,1,0.34,17.25,0.036181656
735,496,GALARU,0,1,2.73,7.48,0.036057706
736,410,PEPPIMENARTI,0,1,0.91,14.17,0.035763055
737,10270,ALYANGULA,0,1,0.3,15.28,0.035076912
738,817,WURLBU,0,1,3.31,2.48,0.034663741
739,606,WALPIRI,0,1,1.04,10.36,0.034055461
740,294,BELYUEN,0,1,0.24,12.66,0.033593585
741,344,KNUCKEY LAGOON INDIGENOUS VILLAGE,0,1,0.98,9.3,0.033381428
742,13339033,HONEYMOON BORE,0,1,2.6,2.51,0.033210434
743,514,GUNYANGARA,0,1,3.09,0.16,0.033005034
744,992,GARAWA 2,0,1,2.64,1.34,0.032686218
745,642,ROCKHOLE,0,1,2.82,0.09,0.032410136
746,229,GARAWA 1,0,1,2.34,1.55,0.032174512
747,129,NYEWENTE,0,1,1.07,5.51,0.031601456
748,168,ARLPARRA,0,1,0.16,8.94,0.031498227
749,64,ITWIYETHWENGE,0,1,0.97,5.61,0.031446451
750,48,ILPERLE-TYATHE,0,1,0.52,6.42,0.030935687
751,87,LARAPINTA VALLEY,0,1,0.75,5.48,0.030923867
752,451,ANGURUGU,0,1,2.09,0.06,0.030884326
753,113,MOUNT NANCY,0,1,0.61,5.52,0.030654982
754,131,PAPUNYA,0,1,1.84,0.19,0.03043456
755,69,KARNTE,0,1,1.52,0.64,0.030005984
756,35,EWYENPER ATWATYE,0,1,1.04,2.43,0.029941557
757,11092,BORROLOOLA,0,1,1.56,0.3,0.029912353
758,676,ILPEYE ILPEYE ESTATE,0,1,1.28,1.26,0.029831107
759,47,NEW ILPARPA,0,1,1.39,0.04,0.02942577
760,50,ILYIPERENYE,0,1,0.96,1.74,0.029418094
761,278,YANYULA,0,1,0.89,1.02,0.028899756
762,495,GALUPA,0,1,0.34,3.11,0.028846144
763,17,ANTHEPE,0,1,0.96,0.13,0.028582863
764,222,MARA,0,1,0.34,2.18,0.028363682
765,36,FINKE,0,1,0.65,0.17,0.027962276
766,550,RAMINGINING,0,1,0.4,0.29,0.027507322
767,555,UMBAKUMBA,0,1,0.34,0.35,0.027414319
768,145,SANTA TERESA,0,1,0.29,0.26,0.027264187
769,10,AMPILATWATJA,0,1,0.25,0.13,0.027113993
770,581,WUGULARR,0,1,0.23,0.2,0.027108931
771,500,GAPUWIYAK,0,1,0.25,0.07,0.027082867
772,1003,DARRANDARRA,0,0,1.24,37.79,0.022128506
773,403,PALMERSTON INDIGENOUS VILLAGE,0,0,1,18.87,0.01181672
774,17470,PALMERSTON,0,0,0.3,15.83,0.008791455
775,621,MIALI BRUMBY,0,0,0.84,10.62,0.007205794
776,14071,KATHERINE,0,0,0.5,10.54,0.006460889
777,16222,NHULUNBUY,0,0,0.62,7.94,0.005360328
778,3,AKNGWERTNARRE,0,0,0.85,5.65,0.004648158
779,108,MPWETYERRE,0,0,0.91,4.74,0.004300201
780,675,HOPPYS CAMP,0,0,0.95,4.2,0.004102814
781,19,APER ALWERRKNGE,0,0,0.54,5.4,0.003877127
782,16,ANTHELK EWLPAYE,0,0,0.73,3.82,0.003450536
783,1029,KUNOTH,0,0,0.75,3.72,0.003440035
784,412,RAILWAY DAM,0,0,0.47,4.45,0.00323947
785,90,INARLENGE,0,0,0.71,3.38,0.003180898
786,1025,IRKLANCHA ATWACHA,0,0,1.25,1.18,0.003156756
787,12218,DARWIN,0,0,0.19,5.29,0.003095971
788,825,MINMARAMA PARK,0,0,1.19,0.75,0.002809552
789,10219,ALICE SPRINGS,0,0,0.17,3.74,0.002250489
790,347,KULALUK,0,0,0.38,2.59,0.002088349
791,290,BAGOT,0,0,0.94,0.1,0.001955139
792,576,YIRRKALA,0,0,0.49,0.2,0.001076043
